name,rating,reviews,service
TCS,3.3,(1.2L),IT Services & Consulting | Bengaluru +448 other locations
Accenture,3.7,(74.7k),IT Services & Consulting | Bengaluru +261 other locations
Wipro,3.6,(66k),IT Services & Consulting | Hyderabad +375 other locations
Cognizant,3.7,(62.3k),IT Services & Consulting | Hyderabad +233 other locations
Capgemini,3.6,(54.4k),IT Services & Consulting | Bengaluru +186 other locations
HDFC Bank,3.8,(53.4k),Banking | Mumbai +1857 other locations
Infosys,3.5,(49.6k),IT Services & Consulting | Bengaluru +247 other locations
HCLTech,3.4,(46.7k),IT Services & Consulting | Chennai +231 other locations
ICICI Bank,3.9,(46.5k),Banking | Mumbai +1446 other locations
Tech Mahindra,3.3,(44k),IT Services & Consulting | Hyderabad +323 other locations
Genpact,3.6,(43.1k),Analytics & KPO | Hyderabad +181 other locations
TP,3.9,(39.3k),BPO | Mumbai +258 other locations
Jio,4.4,(33.9k),Telecom | Mumbai +1965 other locations
Axis Bank,3.6,(33.9k),Banking | Mumbai +1530 other locations
Concentrix Corporation,3.6,(32.7k),BPO | Bengaluru +185 other locations
Amazon,3.9,(31.9k),Internet | Bengaluru +520 other locations
Reliance Retail,3.9,(27.7k),Retail | Mumbai +1166 other locations
iEnergizer,4.6,(27.3k),BPO | Noida +53 other locations
LTIMindtree,3.6,(26.9k),IT Services & Consulting | Bengaluru +145 other locations
HDB Financial Services,3.9,(26.1k),NBFC | Mumbai +1098 other locations
IBM,3.9,(26.1k),IT Services & Consulting | Bengaluru +162 other locations
Larsen & Toubro Limited,3.9,(24.2k),Engineering & Construction | Mumbai +776 other locations
Deloitte,3.6,(23.7k),Management Consulting | Hyderabad +186 other locations
Kotak Mahindra Bank,3.6,(22.8k),Banking | Mumbai +693 other locations
Reliance Industries,4.0,(20.5k),Oil & Gas | Jamnagar +822 other locations
Vodafone Idea,3.9,(17.8k),Telecom | Pune +707 other locations
Bharti Airtel,3.8,(17.3k),Telecom | Gurugram +797 other locations
BYJU'S,3.2,(16.4k),EdTech | Bengaluru +321 other locations
WNS,3.3,(15.5k),IT Services & Consulting | Pune +66 other locations
IDFC FIRST Bank,3.9,(15.1k),Banking | Mumbai +742 other locations
Ernst & Young,3.4,(14.9k),Management Consulting | Bengaluru +135 other locations
IndusInd Bank,3.4,(14.5k),Banking | Mumbai +803 other locations
AU Small Finance Bank,3.8,(14.5k),Banking | Jaipur +806 other locations
Tata Motors,4.1,(14.3k),Automobile | Pune +507 other locations
Bajaj Finserv,3.9,(13.4k),NBFC | Pune +1214 other locations
Muthoot FinCorp,4.5,(13.3k),NBFC | Bengaluru +1125 other locations
Flipkart,3.9,(13.2k),Internet | Bengaluru +558 other locations
PwC,3.3,(12.9k),Management Consulting | Bengaluru +137 other locations
HDFC Life,3.8,(12.3k),Insurance | Mumbai +719 other locations
Mahindra & Mahindra,4.0,(12.3k),Automobile | Pune +569 other locations
Infosys BPM,3.5,(12.2k),BPO | Bengaluru +95 other locations
DXC Technology,3.6,(12.2k),IT Services & Consulting | Bengaluru +131 other locations
Bandhan Bank,3.7,(11.4k),Banking | Kolkata +1019 other locations
Digitide Solutions,3.5,(10.5k),IT Services & Consulting | Hyderabad +275 other locations
Yes Bank,3.7,(10.4k),Banking | Mumbai +544 other locations
Mphasis,3.3,(10.4k),IT Services & Consulting | Bengaluru +63 other locations
Tata Steel,4.0,(10.1k),Iron & Steel | Jamshedpur +228 other locations
Quess,3.8,(9.9k),Recruitment | Bengaluru +764 other locations
Asian Paints,3.9,(9.8k),Chemicals | Mumbai +560 other locations
Startek,3.0,(9.7k),BPO | Bengaluru +104 other locations
UltraTech Cement,4.1,(9.7k),Building Material | Mumbai +544 other locations
Maruti Suzuki,4.1,(9.7k),Automobile | Gurugram +459 other locations
Paytm,3.2,(9.5k),FinTech | Noida +428 other locations
Bajaj Finance,3.9,(9.4k),NBFC | Pune +1007 other locations
Shriram Finance,3.9,(9.3k),NBFC | Chennai +1126 other locations
Sutherland Global Services,3.4,(9.2k),BPO | Chennai +82 other locations
Equitas Small Finance Bank,4.3,(9k),Banking | Chennai +486 other locations
Coforge,3.3,(9k),IT Services & Consulting | Hyderabad +113 other locations
Wells Fargo,3.6,(8.9k),Financial Services | Bengaluru +27 other locations
Cipla,4.1,(8.7k),Pharma | Mumbai +296 other locations
EXL Service,3.6,(8.7k),Analytics & KPO | Noida +62 other locations
Ericsson,3.9,(8.5k),Telecom | Noida +161 other locations
Samsung,3.9,(8.4k),Consumer Electronics & Appliances | Noida +582 other locations
Dr. Reddy's,4.0,(8.3k),Pharma | Hyderabad +216 other locations
Optum Global Solutions,4.0,(8.1k),IT Services & Consulting | Hyderabad +69 other locations
JSW Steel,3.9,(8.1k),Iron & Steel | Ballari +200 other locations
Delhivery,3.8,(8k),Logistics | Gurugram +767 other locations
JPMorgan Chase & Co.,3.8,(7.9k),Financial Services | Bengaluru +56 other locations
ICICI Prudential Life Insurance,3.9,(7.9k),Insurance | Mumbai +513 other locations
Hexaware Technologies,3.4,(7.8k),IT Services & Consulting | Chennai +71 other locations
Ujjivan Small Finance Bank,4.0,(7.8k),Banking | Bengaluru +546 other locations
Sun Pharmaceutical Industries,4.0,(7.8k),Pharma | Vadodara +265 other locations
Jana Small Finance Bank,3.7,(7.8k),Banking | Bengaluru +428 other locations
Zydus Lifesciences,4.0,(7.7k),Pharma | Ahmedabad +184 other locations
Ekart Logistics,3.9,(7.6k),Logistics | Bengaluru +741 other locations
HGS,3.7,(7.6k),Emerging Technologies | Bengaluru +122 other locations
Amazon Development Centre India,3.8,(7.5k),Internet | Hyderabad +146 other locations
KPMG India,3.4,(7.5k),Management Consulting | Bengaluru +112 other locations
Lupin,4.1,(7.5k),Pharma | Pune +205 other locations
Axis Max Life Insurance,4.0,(7.4k),Insurance | New Delhi +512 other locations
L&T Construction,4.0,(7.3k),Engineering & Construction | Chennai +436 other locations
ITC,3.9,(7.3k),FMCG | Bengaluru +381 other locations
Hindustan Unilever,4.2,(7.3k),FMCG | Mumbai +549 other locations
Megha Engineering & Infrastructures,3.9,(7.1k),Engineering & Construction | Hyderabad +412 other locations
Tata Projects,4.2,(7k),Engineering & Construction | Mumbai +288 other locations
Cholamandalam Investment & Finance,3.8,(6.8k),Financial Services | Chennai +872 other locations
Bajaj Life Insurance,3.8,(6.8k),Insurance | Pune +623 other locations
L&T Technology Services,3.1,(6.7k),IT Services & Consulting | Bengaluru +95 other locations
FIS,3.8,(6.7k),FinTech | Pune +61 other locations
Oracle,3.3,(6.6k),Software Product | Bengaluru +56 other locations
Omega Healthcare,3.8,(6.6k),BPO | Chennai +70 other locations
JLL,4.1,(6.5k),Real Estate | Gurugram +88 other locations
Muthoot Finance,3.7,(6.5k),NBFC | Bengaluru +799 other locations
IIFL Finance,4.0,(6.5k),NBFC | Mumbai +819 other locations
eClerx,3.1,(6.4k),IT Services & Consulting | Pune +33 other locations
Indian Army,4.7,(6.3k),Defence & Aerospace | New Delhi +364 other locations
DMart,3.9,(6.3k),Retail | Mumbai +256 other locations
PolicyBazaar,3.7,(6.3k),Internet | Gurugram +161 other locations
Piramal Finance,4.2,(6.2k),NBFC | Mumbai +436 other locations
Virtusa Consulting Services,3.7,(6.2k),IT Services & Consulting | Hyderabad +56 other locations
Indiamart Intermesh,3.5,(6.2k),Internet | Noida +169 other locations
HSBC Group,3.8,(6.1k),Financial Services | Bengaluru +63 other locations
HCL Group,3.5,(6.1k),IT Services & Consulting | Chennai +97 other locations
SMFG India Credit,3.9,(6.1k),NBFC | Mumbai +610 other locations
Access Healthcare,3.7,(6k),BPO | Chennai +62 other locations
BigBasket,3.9,(5.9k),Internet | Bengaluru +145 other locations
ICICI Lombard General Insurance Company,3.5,(5.9k),Insurance | Mumbai +321 other locations
Siemens,4.0,(5.9k),Industrial Automation | Bengaluru +156 other locations
Manappuram Finance,3.9,(5.9k),NBFC | Bengaluru +663 other locations
Firstsource Solutions,3.5,(5.9k),BPO | Bengaluru +73 other locations
GlobalLogic,3.5,(5.9k),IT Services & Consulting | Hyderabad +62 other locations
Aurobindo Pharma,4.0,(5.9k),Pharma | Hyderabad +117 other locations
Tata Capital,3.9,(5.8k),NBFC | Mumbai +456 other locations
Shapoorji Pallonji Group,4.1,(5.8k),Engineering & Construction | Mumbai +190 other locations
UST,3.7,(5.8k),IT Services & Consulting | Bengaluru +52 other locations
Standard Chartered,3.6,(5.8k),Banking | Chennai +69 other locations
Swiggy,3.7,(5.8k),Internet | Bengaluru +240 other locations
Mahindra Finance,3.8,(5.7k),NBFC | Mumbai +743 other locations
Apollo Hospitals,4.0,(5.7k),Healthcare | Chennai +226 other locations
Udaan,3.9,(5.7k),Internet | Bengaluru +366 other locations
Bosch Global Software Technologies,3.7,(5.7k),IT Services & Consulting | Bengaluru +47 other locations
Citicorp,3.6,(5.6k),Financial Services | Pune +68 other locations
Ashok Leyland,4.0,(5.6k),Automobile | Chennai +265 other locations
Hero MotoCorp,4.1,(5.5k),Automobile | Gurugram +374 other locations
CGI Inc,4.0,(5.5k),IT Services & Consulting | Bengaluru +43 other locations
SBI Cards & Payment Services,3.6,(5.4k),Financial Services | Gurugram +450 other locations
NTT DATA,3.8,(5.4k),IT Services & Consulting | Bengaluru +81 other locations
Cyient,3.6,(5.4k),IT Services & Consulting | Hyderabad +49 other locations
Kalpataru Projects International,4.1,(5.4k),Engineering & Construction | Mumbai +328 other locations
BNY,3.6,(5.4k),Financial Services | Pune +28 other locations
Nagarjuna Construction Company,4.0,(5.3k),Engineering & Construction | Hyderabad +300 other locations
IQVIA,3.7,(5.3k),Clinical Research | Bengaluru +67 other locations
Schneider Electric,4.1,(5.3k),Industrial Automation | Bengaluru +122 other locations
SBI Life Insurance Company,3.7,(5.3k),Insurance | Mumbai +664 other locations
JustDial,3.4,(5.2k),Internet | Noida +238 other locations
CBRE,4.1,(5.2k),Real Estate | Hyderabad +92 other locations
TVS Motor,3.8,(5.2k),Automobile | Hosur +356 other locations
State Bank of India,3.8,(5.2k),Banking | Mumbai +653 other locations
Persistent Systems,3.6,(5.1k),IT Services & Consulting | Pune +42 other locations
KEC International,4.0,(5k),Engineering & Construction | Mumbai +320 other locations
Atos,3.8,(5k),IT Services & Consulting | Pune +50 other locations
ITC Infotech,3.8,(5k),IT Services & Consulting | Bengaluru +69 other locations
Amdocs,3.6,(5k),Software Product | Pune +24 other locations
vivo,4.0,(4.9k),Consumer Electronics & Appliances | Noida +415 other locations
Varun Beverages,4.0,(4.9k),Beverage | New Delhi +383 other locations
JBM Group,3.9,(4.9k),Auto Components | Gurugram +119 other locations
Utkarsh Small Finance Bank,3.6,(4.9k),Banking | Varanasi +425 other locations
Ecom Express,4.1,(4.9k),Logistics | Gurugram +781 other locations
Nagarro,3.9,(4.8k),IT Services & Consulting | Gurugram +48 other locations
Randstad,3.7,(4.8k),Recruitment | Hyderabad +370 other locations
Eviden,3.6,(4.8k),IT Services & Consulting | Pune +39 other locations
EY Global Delivery Services ( EY GDS),3.5,(4.8k),IT Services & Consulting | Bengaluru +57 other locations
Bosch,4.1,(4.7k),Auto Components | Bengaluru +133 other locations
Intas Pharmaceuticals,4.1,(4.7k),Pharma | Ahmedabad +150 other locations
Havells,3.9,(4.7k),Electrical Equipment | Noida +268 other locations
L&T Finance,3.9,(4.7k),NBFC | Mumbai +658 other locations
Hetero,3.9,(4.7k),Pharma | Hyderabad +72 other locations
Hewlett Packard Enterprise,4.0,(4.7k),IT Services & Consulting | Bengaluru +104 other locations
Aditya Birla Fashion and Retail,4.0,(4.7k),Fashion & Textile | Bengaluru +294 other locations
R1 RCM,3.8,(4.7k),BPO | New Delhi +49 other locations
Cars24,3.4,(4.7k),Internet | Gurugram +172 other locations
Tata AIA Life Insurance,3.9,(4.7k),Insurance | Mumbai +456 other locations
Mahindra Logistics,3.7,(4.6k),Logistics | Mumbai +233 other locations
Home Credit Finance,4.0,(4.6k),NBFC | Gurugram +140 other locations
Dell,3.8,(4.6k),Consumer Electronics & Appliances | Bengaluru +117 other locations
Berger Paints,3.7,(4.6k),Chemicals | Kolkata +372 other locations
Lenskart,3.3,(4.6k),Internet | New Delhi +256 other locations
Deutsche Bank,3.8,(4.6k),Banking | Pune +42 other locations
Motilal Oswal Financial Services,3.7,(4.5k),Financial Services | Mumbai +170 other locations
OPPO,3.8,(4.5k),Consumer Electronics & Appliances | Greater Noida +413 other locations
Hyundai Motor India Limited,4.1,(4.5k),Automobile | Chennai +294 other locations
TeamLease Services,3.9,(4.5k),Recruitment | Bengaluru +408 other locations
VE Commercial Vehicles,3.9,(4.4k),Automobile | Indore +183 other locations
Thermax Limited,4.2,(4.4k),Industrial Machinery | Pune +261 other locations
Jubilant Foods Works,3.7,(4.3k),Hospitality | New Delhi +272 other locations
Carelon Global Solutions,3.9,(4.3k),IT Services & Consulting | Bengaluru +20 other locations
Macleods Pharmaceuticals,3.7,(4.3k),Pharma | Mumbai +139 other locations
Aakash Educational Services,3.2,(4.3k),Education & Training | New Delhi +251 other locations
Jindal Steel Limited,3.9,(4.2k),Iron & Steel | Angul +176 other locations
Bajaj Auto,3.8,(4.2k),Automobile | Pune +326 other locations
State Street Corporation,3.5,(4.2k),Financial Services | Bengaluru +36 other locations
Hindalco Industries,4.2,(4.2k),Metals & Mining | Sambalpur +133 other locations
LG Electronics,3.8,(4.2k),Consumer Electronics & Appliances | Pune +302 other locations
Kogta Financial India Limited,4.6,(4.2k),NBFC | Jaipur +260 other locations
HDFC ERGO General Insurance,3.9,(4.1k),Insurance | Mumbai +328 other locations
DCB Bank,3.8,(4.1k),Banking | Mumbai +349 other locations
Royal Enfield,4.2,(4.1k),Automobile | Chennai +375 other locations
John Deere,4.0,(4.1k),Industrial Machinery | Pune +157 other locations
RBL Bank,3.5,(4.1k),Banking | Mumbai +294 other locations
Publicis Sapient,3.2,(4.1k),IT Services & Consulting | Bengaluru +47 other locations
Tata Communications,3.8,(4.1k),Telecom | Pune +102 other locations
Cummins,4.3,(4.1k),Industrial Machinery | Pune +117 other locations
Alembic Pharmaceuticals,3.9,(4k),Pharma | Vadodara +189 other locations
Cloudnine Hospital,4.5,(4k),Healthcare | Bengaluru +46 other locations
Bank of America,4.1,(4k),Banking | Gurugram +34 other locations
Pidilite Industries,4.2,(4k),Chemicals | Mumbai +322 other locations
Aditya Birla Sun Life Insurance,4.0,(4k),Insurance | Mumbai +512 other locations
Grasim Industries,4.0,(4k),Building Material | Bharuch +263 other locations
Oyo Rooms,3.0,(4k),Hospitality | Gurugram +121 other locations
Kyndryl,3.9,(3.9k),IT Services & Consulting | Bengaluru +39 other locations
PNB MetLife,3.3,(3.9k),Insurance | New Delhi +435 other locations
American Express,4.1,(3.9k),Financial Services | Gurugram +54 other locations
Subros,3.7,(3.9k),Auto Components | Noida +88 other locations
Aditya Birla Capital,3.8,(3.9k),NBFC | Mumbai +353 other locations
ADP Private Limited,3.8,(3.9k),Software Product | Hyderabad +41 other locations
KPIT Technologies,2.8,(3.9k),Software Product | Pune +43 other locations
Escorts Kubota Limited,4.1,(3.9k),Industrial Machinery | Faridabad +160 other locations
Viatris,4.1,(3.9k),Pharma | Hyderabad +80 other locations
Maersk,3.9,(3.9k),Logistics | Chennai +50 other locations
XpressBees,4.1,(3.9k),Logistics | Pune +482 other locations
PVR INOX,3.9,(3.9k),Media & Entertainment | New Delhi +152 other locations
Altruist Technologies,4.4,(3.9k),BPO | Bengaluru +43 other locations
JK Cement,4.0,(3.9k),Building Material | New Delhi +334 other locations
Birlasoft,3.4,(3.8k),IT Services & Consulting | Pune +50 other locations
Reliance Communications,4.0,(3.8k),Telecom | Mumbai +467 other locations
Synechron,3.4,(3.8k),IT Services & Consulting | Pune +33 other locations
PhonePe,4.0,(3.8k),FinTech | Bengaluru +409 other locations
Glenmark Pharmaceuticals,3.8,(3.8k),Pharma | Mumbai +194 other locations
Blinkit,3.8,(3.8k),Internet | Gurugram +162 other locations
Kotak Mahindra Life Insurance Company,3.5,(3.8k),Insurance | Mumbai +259 other locations
Bharat Electronics,4.2,(3.8k),Electronics Manufacturing | Bengaluru +88 other locations
Dabur,3.8,(3.7k),FMCG | New Delhi +322 other locations
Sodexo,4.0,(3.7k),Hospitality | Mumbai +162 other locations
Cogent E Services,3.1,(3.7k),BPO | Noida +58 other locations
Godrej & Boyce Manufacturing,3.8,(3.7k),Consumer Electronics & Appliances | Mumbai +175 other locations
Ipca Laboratories,3.8,(3.7k),Pharma | Mumbai +165 other locations
UNO Minda,4.0,(3.7k),Auto Components | Pune +112 other locations
ArcelorMittal Nippon Steel India,4.1,(3.7k),Iron & Steel | Surat +90 other locations
Abbott,4.1,(3.7k),Pharma | Mumbai +215 other locations
Aarti Industries,4.1,(3.7k),Agro Chemicals | Bharuch +60 other locations
Samvardhana Motherson Group,3.7,(3.7k),Auto Components | Noida +94 other locations
Reliance Projects & Property Management Services,4.0,(3.6k),Other | Kolkata +626 other locations
Reliance Digital,4.1,(3.6k),Retail | Mumbai +386 other locations
IGT Solutions,3.2,(3.6k),BPO | New Delhi +48 other locations
MRF Tyres,3.6,(3.6k),Auto Components | Chennai +195 other locations
Indian Oil Corporation,4.4,(3.6k),Oil & Gas | New Delhi +312 other locations
"NTT DATA, Inc.",3.9,(3.6k),IT Services & Consulting | Bengaluru +38 other locations
Alkem Laboratories,3.9,(3.6k),Pharma | Mumbai +201 other locations
Johnson Controls,3.5,(3.5k),Industrial Automation | Pune +58 other locations
[24]7.ai,3.4,(3.5k),Hospitality | Bengaluru +36 other locations
Honda Motorcycle & Scooter,4.1,(3.5k),Automobile | Gurugram +303 other locations
Vishal Mega Mart,3.7,(3.5k),Retail | New Delhi +382 other locations
Hindustan Coca Cola Beverages,4.0,(3.5k),Beverage | Bengaluru +265 other locations
Barclays,3.7,(3.5k),Banking | Pune +38 other locations
Bajaj General Insurance Limited,3.6,(3.5k),Insurance | Pune +310 other locations
UBS,3.8,(3.5k),Financial Services | Pune +19 other locations
DTDC Express,3.7,(3.5k),Logistics | New Delhi +274 other locations
IndusInd Nippon Life Insurance,3.4,(3.5k),Mumbai +494 other locations
ABB,4.0,(3.5k),Industrial Machinery | Bengaluru +109 other locations
RSPL Group,4.0,(3.5k),FMCG | Kanpur +263 other locations
TVS Credit Services Ltd,4.2,(3.4k),NBFC | Chennai +448 other locations
Ceat Tyres,3.9,(3.4k),Auto Components | Nagpur +143 other locations
AGS Health,3.9,(3.4k),Analytics & KPO | Chennai +64 other locations
NatWest Group,3.9,(3.4k),Banking | Gurugram +29 other locations
Ford Motor,4.2,(3.4k),Automobile | Chennai +131 other locations
HARMAN,3.8,(3.4k),Consumer Electronics & Appliances | Bengaluru +42 other locations
Alstom Transportation,3.7,(3.4k),Engineering & Construction | Bengaluru +80 other locations
Croma,3.8,(3.4k),Retail | Mumbai +193 other locations
Niva Bupa Health Insurance Company,4.0,(3.4k),Insurance | New Delhi +325 other locations
InterGlobe Aviation,3.4,(3.3k),Aviation | New Delhi +104 other locations
Conduent,3.4,(3.3k),BPO | Bengaluru +36 other locations
Tata AIG,4.0,(3.3k),Insurance | Mumbai +263 other locations
Tata Technologies,3.4,(3.3k),Automobile | Pune +58 other locations
Indian Air Force,4.6,(3.3k),Defence & Aerospace | New Delhi +135 other locations
Sagility,3.9,(3.3k),BPO | Bengaluru +29 other locations
Canara HSBC Life Insurance,4.1,(3.3k),Insurance | Gurugram +370 other locations
GeBBS Healthcare Solutions,3.8,(3.3k),BPO | Mumbai +26 other locations
Tata AutoComp Systems,3.7,(3.3k),Auto Components | Pune +82 other locations
Jindal Stainless,4.1,(3.3k),Iron & Steel | Jajpur +78 other locations
UPL,4.1,(3.2k),Agro Chemicals | Ankleshwar +185 other locations
PepsiCo,4.0,(3.2k),Food Processing | Hyderabad +282 other locations
Mankind Pharma,3.8,(3.2k),Pharma | New Delhi +250 other locations
Max Healthcare,4.0,(3.2k),Healthcare | New Delhi +78 other locations
Allcargo Logistics,3.8,(3.2k),Logistics | Mumbai +175 other locations
Titan Company,4.2,(3.2k),Retail | Bengaluru +186 other locations
Amazon Transportation Services,4.2,(3.2k),Logistics | Hyderabad +226 other locations
Dilip Buildcon,3.9,(3.2k),Engineering & Construction | Bhopal +230 other locations
S&P Global,3.9,(3.2k),Analytics & KPO | Hyderabad +48 other locations
Societe Generale Global Solution Centre,3.6,(3.2k),IT Services & Consulting | Bengaluru +24 other locations
Varroc Group,3.6,(3.2k),Auto Components | Pune +63 other locations
MSN Laboratories,3.6,(3.2k),Pharma | Hyderabad +107 other locations
Varroc Group,3.6,(3.2k),Auto Components | Pune +63 other locations
Quest Global,3.5,(3.2k),IT Services & Consulting | Bengaluru +49 other locations
Afcons Infrastructure,4.2,(3.1k),Engineering & Construction | Mumbai +125 other locations
Ola Electric Mobility,3.3,(3.1k),Automobile | Bengaluru +445 other locations
ESAF Small Finance Bank,3.6,(3.1k),Banking | Thrissur +460 other locations
Marpu Foundation,4.9,(3.1k),Non-Profit | Hyderabad +61 other locations
Torrent Pharmaceuticals,4.0,(3.1k),Pharma | Ahmedabad +133 other locations
Tata Electronics,3.8,(3.1k),Semiconductors | Hosur +62 other locations
IDFC FIRST Bharat,4.2,(3.1k),Financial Services | Chennai +447 other locations
DS Group,4.0,(3.1k),FMCG | Noida +294 other locations
Tata Elxsi,3.4,(3.1k),IT Services & Consulting | Bengaluru +31 other locations
Bharat Financial Inclusion,3.7,(3.1k),Financial Services | Hyderabad +513 other locations
Zepto,3.6,(3.1k),Internet | Bengaluru +110 other locations
Square Yards,3.5,(3.1k),Internet | Gurugram +51 other locations
HDFC Sales,3.9,(3k),Financial Services | Mumbai +354 other locations
Zensar Technologies,3.7,(3k),IT Services & Consulting | Pune +29 other locations
Suzlon Group,4.0,(3k),Power | Pune +148 other locations
Future Group,4.2,(3k),Retail | Mumbai +207 other locations
Indus Towers,3.6,(3k),Telecom | Gurugram +245 other locations
CMS IT Services,3.1,(3k),IT Services & Consulting | Mumbai +153 other locations
Fujitsu,3.8,(3k),IT Services & Consulting | Pune +41 other locations
I Process Services,3.8,(3k),Recruitment | Mumbai +407 other locations
Eternal Limited,3.6,(3k),Internet | Gurugram +220 other locations
VVDN Technologies,3.6,(3k),IT Services & Consulting | Gurugram +51 other locations
ACC,3.9,(3k),Building Material | Mumbai +277 other locations
IKS Health,3.5,(3k),BPO | Mumbai +33 other locations
Yazaki,3.9,(3k),Auto Components | Pune +94 other locations
Nokia,4.0,(3k),Telecom | Bengaluru +165 other locations
Shoppers Stop,3.9,(3k),Retail | Mumbai +85 other locations
Shree Cement,3.8,(2.9k),Building Material | Beawar +269 other locations
Apollo Tyres,4.0,(2.9k),Auto Components | Chennai +182 other locations
Fiserv,2.8,(2.9k),FinTech | Pune +33 other locations
Britannia,3.9,(2.9k),Hospitality | Pune +307 other locations
Landmark Group,3.8,(2.8k),Retail | Bengaluru +175 other locations
Dalmia Bharat Cement,3.9,(2.8k),Building Material | Guwahati +255 other locations
Exl India,3.5,(2.8k),Logistics | New Delhi +45 other locations
Physicswallah,3.6,(2.8k),EdTech | Noida +146 other locations
SRF,4.1,(2.8k),Chemicals | Bharuch +68 other locations
Kansai Nerolac Paints,3.8,(2.8k),Chemicals | Mumbai +265 other locations
Blue Dart Express Ltd,3.9,(2.8k),Logistics | Mumbai +280 other locations
ZS,3.0,(2.8k),Management Consulting | Pune +17 other locations
Nestlé,3.8,(2.8k),FMCG | Gurugram +284 other locations
Exide Industries,3.4,(2.8k),Electrical Equipment | Kolkata +199 other locations
UnitedHealth,4.0,(2.8k),Healthcare | Hyderabad +18 other locations
Star Health & Allied Insurance,3.5,(2.8k),Insurance | Chennai +338 other locations
Foxconn,3.8,(2.8k),Electronics Manufacturing | Chennai +64 other locations
Shell,3.9,(2.8k),Oil & Gas | Bengaluru +91 other locations
KPMG Global Services,3.4,(2.7k),Management Consulting | Bengaluru +38 other locations
Micro Labs,3.6,(2.7k),Pharma | Bengaluru +156 other locations
TVS Supply Chain Solutions,3.8,(2.7k),Logistics | Chennai +156 other locations
Flex,3.9,(2.7k),Electronics Manufacturing | Chennai +46 other locations
ElasticRun,3.6,(2.7k),Logistics | Pune +390 other locations
KFintech,3.3,(2.7k),Financial Services | Hyderabad +114 other locations
Care Health Insurance,3.5,(2.7k),Insurance | Gurugram +258 other locations
Capita,3.5,(2.7k),BPO | Pune +32 other locations
Gallagher,3.6,(2.7k),Insurance | Bengaluru +30 other locations
G4S,4.0,(2.7k),Law Enforcement & Security | Gurugram +168 other locations
Ajanta Pharma,3.9,(2.7k),Pharma | Mumbai +118 other locations
Blue Star,4.0,(2.7k),Consumer Electronics & Appliances | Mumbai +150 other locations
Sonalika Tractors,3.5,(2.7k),Automobile | Hoshiarpur +197 other locations
Whitehat jr,3.3,(2.7k),EdTech | Mumbai +48 other locations
Movate,3.1,(2.7k),IT Services & Consulting | Chennai +38 other locations
Tata Advanced Systems,3.7,(2.7k),Defence & Aerospace | Bengaluru +58 other locations
Voltas,4.0,(2.7k),Consumer Electronics & Appliances | Mumbai +203 other locations
Photon Interactive,4.0,(2.7k),IT Services & Consulting | Chennai +19 other locations
Adani Power,3.7,(2.6k),Power | Mundra +131 other locations
DBS Bank,3.7,(2.6k),Banking | Hyderabad +181 other locations
NoBroker,3.0,(2.6k),Internet | Bengaluru +47 other locations
BlackBuck,3.7,(2.6k),Internet | Bengaluru +363 other locations
ACT Fibernet,3.8,(2.6k),Telecom | Hyderabad +58 other locations
Foundever,3.3,(2.6k),BPO | Hyderabad +21 other locations
IntouchCX,2.7,(2.6k),BPO | Hyderabad +22 other locations
Domino's Pizza,3.9,(2.6k),Hospitality | New Delhi +255 other locations
Himalaya Wellness,3.9,(2.6k),Pharma | Bengaluru +245 other locations
Laurus Labs,4.3,(2.6k),Pharma | Visakhapatnam +35 other locations
Fortis Healthcare,4.0,(2.6k),Healthcare | New Delhi +69 other locations
BT Group,3.8,(2.6k),Telecom | Gurugram +26 other locations
V-Mart,4.0,(2.6k),Retail | Gurugram +287 other locations
Sahrudaya Healthcare (Medicover Hospitals),4.4,(2.6k),Healthcare | Hyderabad +46 other locations
JCB,3.9,(2.6k),Industrial Machinery | Pune +111 other locations
Alldigi Tech,3.8,(2.6k),BPO | Chennai +36 other locations
Northern Trust Operating Services,3.6,(2.6k),Financial Services | Bengaluru +28 other locations
Sterlite Technologies,3.8,(2.5k),Hardware & Networking | Chhatrapati Sambhajinagar +100 other locations
Adani Group,3.8,(2.5k),Power | Ahmedabad +201 other locations
Tractors and Farm Equipment,3.9,(2.5k),Industrial Machinery | Chennai +192 other locations
Bajaj Electricals,3.9,(2.5k),Consumer Electronics & Appliances | Mumbai +235 other locations
CorroHealth Infotech,3.6,(2.5k),Analytics & KPO | Hyderabad +38 other locations
Sammaan Capital Limited,3.7,(2.5k),NBFC | Gurugram +199 other locations
Parle Agro,3.9,(2.5k),Beverage | Mumbai +259 other locations
GAO Tek,4.4,(2.5k),Electrical Equipment | New York +45 other locations
ICICI Securities,3.9,(2.5k),Financial Services | Mumbai +154 other locations
Emcure Pharmaceuticals,3.6,(2.5k),Pharma | Pune +121 other locations
Planet Spark,3.8,(2.5k),EdTech | Gurugram +59 other locations
Biocon Limited,4.0,(2.5k),Biotechnology | Bengaluru +66 other locations
TaskUs,3.0,(2.5k),BPO | Indore +38 other locations
Hero FinCorp,3.9,(2.5k),NBFC | New Delhi +395 other locations
Mahindra Holidays & Resorts,3.5,(2.5k),Hospitality | Mumbai +114 other locations
Cadila Pharmaceuticals,3.2,(2.5k),Pharma | Ahmedabad +139 other locations
Mahindra Rural Housing Finance,4.0,(2.5k),NBFC | Mumbai +475 other locations
Intellect Design Arena,3.5,(2.5k),Software Product | Chennai +40 other locations
Datamatics Global Services,3.4,(2.5k),IT Services & Consulting | Mumbai +38 other locations
McDonald's,3.8,(2.5k),Hospitality | New Delhi +152 other locations
Paras Hospital,4.1,(2.4k),Healthcare | Patna +60 other locations
Syngene International,3.7,(2.4k),Clinical Research | Bengaluru +22 other locations
Patanjali Ayurved,3.9,(2.4k),FMCG | Haridwar +300 other locations
Bureau Veritas,3.8,(2.4k),Other | Mumbai +149 other locations
Aditya Birla Group,4.1,(2.4k),Metals & Mining | Mumbai +275 other locations
RMSI,3.5,(2.4k),IT Services & Consulting | Hyderabad +25 other locations
Newgen Software Technologies,4.1,(2.4k),IT Services & Consulting | Noida +32 other locations
3i Infotech,3.5,(2.4k),IT Services & Consulting | Mumbai +133 other locations
Info Edge,3.8,(2.4k),Internet | Noida +70 other locations
Statestreet HCL Services,3.4,(2.4k),BPO | Chennai +18 other locations
Taj Hotels Resorts and Palaces,4.2,(2.4k),Hospitality | Mumbai +114 other locations
Cholamandalam MS General Insurance,3.7,(2.4k),Insurance | Chennai +395 other locations
Delhi Public School,3.7,(2.4k),Education & Training | New Delhi +277 other locations
Aavas Financiers,3.9,(2.4k),NBFC | Jaipur +299 other locations
Axis Direct,3.6,(2.4k),Financial Services | Mumbai +271 other locations
Capgemini Engineering,3.3,(2.4k),IT Services & Consulting | Bengaluru +28 other locations
Cybage,3.7,(2.4k),IT Services & Consulting | Pune +15 other locations
Straive,3.3,(2.4k),IT Services & Consulting | Chennai +33 other locations
Lodha,4.2,(2.4k),Real Estate | Mumbai +30 other locations
Sopra Steria,3.9,(2.4k),IT Services & Consulting | Noida +19 other locations
Apollo Pharmacy,3.7,(2.4k),Pharma | Hyderabad +291 other locations
KocharTech,3.6,(2.4k),IT Services & Consulting | Kolkata +25 other locations
Kia India,3.9,(2.4k),Automobile | Anantapur +191 other locations
Xoriant,4.0,(2.3k),IT Services & Consulting | Pune +23 other locations
TCE,3.9,(2.3k),Engineering & Construction | Mumbai +133 other locations
GVK Emergency Management and Research Institute,3.6,(2.3k),Non-Profit | Lucknow +216 other locations
Akums Drugs & Pharmaceuticals Limited,4.2,(2.3k),Pharma | Haridwar +41 other locations
SBI Securities,3.6,(2.3k),Financial Services | Mumbai +323 other locations
Sobha,3.8,(2.3k),Real Estate | Bengaluru +39 other locations
Team Computers,3.6,(2.3k),IT Services & Consulting | New Delhi +108 other locations
Star Union Dai-ichi Life Insurance,3.8,(2.3k),Insurance | Mumbai +334 other locations
Isgec Heavy Engineering,3.8,(2.3k),Engineering & Construction | Noida +225 other locations
Bharat Petroleum,4.2,(2.3k),Oil & Gas | Mumbai +265 other locations
Eureka Forbes,3.6,(2.3k),Consumer Electronics & Appliances | Mumbai +186 other locations
Endurance Technologies Limited,3.9,(2.3k),Auto Components | Chhatrapati Sambhajinagar +52 other locations
Lifestyle,4.2,(2.3k),Retail | Bengaluru +130 other locations
BNP Paribas,3.7,(2.3k),Banking | Mumbai +27 other locations
Daikin Airconditioning India Pvt. Ltd.,4.1,(2.3k),Consumer Electronics & Appliances | Neemrana +109 other locations
Panasonic Life Solutions India,3.9,(2.3k),Consumer Electronics & Appliances | Mumbai +170 other locations
Radisson Hotels,4.0,(2.3k),Hospitality | New Delhi +133 other locations
Myntra,3.8,(2.3k),Internet | Bengaluru +103 other locations
Unacademy,2.9,(2.3k),EdTech | Bengaluru +74 other locations
AWL Agri Business,4.1,(2.3k),FMCG | Ahmedabad +206 other locations
Bharti AXA Life Insurance,3.6,(2.3k),Insurance | Mumbai +247 other locations
SBI General Insurance,3.5,(2.3k),Insurance | Mumbai +299 other locations
Cisco,4.1,(2.2k),Hardware & Networking | Bengaluru +48 other locations
Meesho,3.7,(2.2k),Internet | Bengaluru +137 other locations
Renault Nissan Technology & Business Centre India,3.6,(2.2k),Automobile | Chennai +21 other locations
ValueLabs,3.4,(2.2k),IT Services & Consulting | Hyderabad +21 other locations
Sify Technologies,3.6,(2.2k),IT Services & Consulting | Chennai +137 other locations
Coromandel International,4.1,(2.2k),Agro Chemicals | Visakhapatnam +186 other locations
Lava International,3.9,(2.2k),Consumer Electronics & Appliances | Noida +223 other locations
Ambuja Cements,3.8,(2.2k),Building Material | Mumbai +261 other locations
Allstate,3.7,(2.2k),Insurance | Pune +17 other locations
Whirlpool,4.0,(2.2k),Consumer Electronics & Appliances | Pune +174 other locations
Indian Railways,4.2,(2.2k),Railways | Kolkata +251 other locations
GlaxoSmithKline Pharmaceuticals,4.1,(2.2k),Pharma | Bengaluru +216 other locations
Henry Harvin Education,3.9,(2.2k),EdTech | Noida +34 other locations
Shahi Exports,4.0,(2.2k),Fashion & Textile | Bengaluru +72 other locations
Bank of Baroda,3.6,(2.2k),Banking | Mumbai +305 other locations
Generali Central Life Insurance,3.4,(2.2k),Insurance | Mumbai +208 other locations
Mercedes-Benz Research and Development India,3.5,(2.2k),IT Services & Consulting | Bengaluru +53 other locations
Poonawalla Fincorp,3.6,(2.2k),NBFC | Pune +267 other locations
Spark Minda,3.8,(2.2k),Auto Components | Pune +76 other locations
Manipal Hospitals,4.0,(2.2k),Healthcare | Bengaluru +66 other locations
JK Tyre,3.8,(2.2k),Auto Components | Chennai +148 other locations
Jio Platforms,3.3,(2.2k),IT Services & Consulting | Mumbai +105 other locations
FirstCry,3.5,(2.2k),Retail | Pune +215 other locations
Life Insurance Corporation of India,4.4,(2.2k),Insurance | Mumbai +478 other locations
Nokia Networks,4.1,(2.2k),Hardware & Networking | Chennai +86 other locations
NTT DATA Business Solutions,4.1,(2.2k),IT Services & Consulting | Bengaluru +32 other locations
Nuvoco Vistas,4.1,(2.2k),Building Material | Kolkata +204 other locations
Cargill,3.9,(2.2k),Food Processing | Bengaluru +124 other locations
Saint-Gobain,3.8,(2.2k),Building Material | Mumbai +104 other locations
Brakes India,3.9,(2.2k),Auto Components | Chennai +101 other locations
upGrad,3.3,(2.2k),EdTech | Bengaluru +52 other locations
CAMS,3.5,(2.2k),Financial Services | Chennai +109 other locations
Microsoft Corporation,3.8,(2.2k),Software Product | Bengaluru +47 other locations
BHEL,4.2,(2.2k),Electrical Equipment | Bengaluru +139 other locations
Infinite Computer Solutions,3.2,(2.2k),IT Services & Consulting | Bengaluru +36 other locations
Power Mech Projects,3.8,(2.2k),Engineering & Construction | Hyderabad +152 other locations
Kotak Securities,3.4,(2.1k),Financial Services | Mumbai +143 other locations
Force Motors,3.7,(2.1k),Automobile | Pune +107 other locations
CitiusTech,3.1,(2.1k),IT Services & Consulting | Mumbai +17 other locations
Pfizer,3.9,(2.1k),Pharma | Visakhapatnam +133 other locations
"Maruti Suzuki India Limited, Hansalpur",4.2,(2.1k),Automobile | Ahmedabad +110 other locations
EPAM Systems,3.7,(2.1k),IT Services & Consulting | Hyderabad +36 other locations
IndusInd General Insurance,3.6,(2.1k),Insurance | Mumbai +197 other locations
Huawei Technologies,4.1,(2.1k),Telecom | Bengaluru +104 other locations
Biological E,4.2,(2.1k),Pharma | Hyderabad +75 other locations
ITC Hotels,4.1,(2.1k),Hospitality | Bengaluru +95 other locations
Simplex Infrastructures,3.4,(2.1k),Engineering & Construction | Kolkata +138 other locations
Reliance Trends,4.1,(2.1k),Retail | Bengaluru +396 other locations
SGS,3.7,(2.1k),Engineering & Construction | Mumbai +148 other locations
Morgan Stanley,3.6,(2.1k),Financial Services | Mumbai +19 other locations
Raymond Lifestyle Limited,4.2,(2.1k),Fashion & Textile | Mumbai +150 other locations
K12 Techno Services,3.7,(2.1k),EdTech | Bengaluru +43 other locations
Delphi TVS,3.8,(2.1k),Auto Components | Chennai +61 other locations
Provana,4.1,(2.1k),BPO | Noida +12 other locations
Ola Cabs,3.2,(2.1k),Internet | Bengaluru +112 other locations
Aditya Birla Health Insurance Co,3.7,(2.1k),Insurance | Mumbai +257 other locations
Renault-Nissan,4.1,(2.1k),Automobile | Chennai +85 other locations
Extramarks Education,3.2,(2k),EdTech | Noida +112 other locations
YASH Technologies,3.6,(2k),IT Services & Consulting | Hyderabad +32 other locations
Narayana Health,4.0,(2k),Healthcare | Bengaluru +66 other locations
Shadowfax Technologies,3.5,(2k),Logistics | Bengaluru +252 other locations
Trent,3.8,(2k),Retail | Mumbai +150 other locations
IDBI Bank,3.3,(2k),Banking | Mumbai +343 other locations
Haier Appliances India,3.9,(2k),Consumer Electronics & Appliances | Pune +165 other locations
Novartis,4.2,(2k),Pharma | Hyderabad +75 other locations
Senco Gold,4.4,(2k),Jewellery | Kolkata +83 other locations
AECOM,4.2,(2k),Engineering & Construction | Gurugram +125 other locations
Honeywell Automation,3.8,(2k),Industrial Automation | Pune +78 other locations
HSBC Electronic Data Processing,4.0,(2k),IT Services & Consulting | Bengaluru +19 other locations
R.R. Donnelley,3.6,(2k),Marketing & Advertising | Chennai +27 other locations
SAP,4.1,(2k),Software Product | Bengaluru +53 other locations
Motherson Automotive Technologies and Engineering,3.7,(2k),Auto Components | Chennai +68 other locations
Schindler,3.9,(2k),Industrial Machinery | Pune +90 other locations
L&T Energy Hydrocarbon,3.8,(2k),Engineering & Construction | Vadodara +90 other locations
Paisabazaar.com,3.4,(2k),Internet | Gurugram +35 other locations
Ninjacart,3.8,(2k),Internet | Bengaluru +114 other locations
Globiva,3.0,(2k),BPO | Gurugram +31 other locations
NCR Voyix,3.4,(2k),IT Services & Consulting | Hyderabad +89 other locations
CMS Infosystems,3.5,(2k),Software Product | Mumbai +224 other locations
V-Guard,4.3,(2k),Consumer Electronics & Appliances | Kochi +171 other locations
Aye Finance,4.1,(2k),NBFC | Gurugram +383 other locations
State Street Syntel,3.7,(2k),Financial Services | Pune +21 other locations
Uflex,3.8,(2k),Packaging | Noida +48 other locations
Crisil,3.5,(2k),Analytics & KPO | Mumbai +81 other locations
Spinny,3.6,(2k),Internet | Gurugram +62 other locations
TELUS Digital,3.5,(2k),IT Services & Consulting | Noida +28 other locations
CNH (Case New Holland),3.7,(2k),Industrial Machinery | Gurugram +142 other locations
Dr Lal PathLabs,4.2,(2k),Healthcare | New Delhi +201 other locations
Adecco Group,3.8,(2k),Recruitment | Bengaluru +188 other locations
Microland,3.5,(2k),IT Services & Consulting | Bengaluru +46 other locations
Aadhar Housing Finance,4.0,(2k),NBFC | Mumbai +333 other locations
Philips,3.8,(2k),Medical Equipment | Bengaluru +97 other locations
Parle Products,3.9,(2k),FMCG | Mumbai +251 other locations
Gabriel India Limited,4.0,(2k),Auto Components | Pune +52 other locations
G R Infraprojects,4.1,(1.9k),Engineering & Construction | Gurugram +161 other locations
HTC Global Services,3.3,(1.9k),IT Services & Consulting | Chennai +32 other locations
Godrej Properties,3.6,(1.9k),Real Estate | Mumbai +35 other locations
Tata Power,3.9,(1.9k),Power | Mumbai +155 other locations
Angel One,3.5,(1.9k),FinTech | Mumbai +133 other locations
DHL Supply Chain,4.2,(1.9k),Logistics | Mumbai +101 other locations
Trident Group,3.3,(1.9k),Hospitality | Barnala +59 other locations
ICICI Home Finance,3.7,(1.9k),Financial Services | Mumbai +221 other locations
CSB Bank,3.2,(1.9k),Banking | Mumbai +239 other locations
Verizon,3.5,(1.9k),Telecom | Hyderabad +12 other locations
NTPC,4.2,(1.9k),Power | New Delhi +127 other locations
Thomson Reuters,3.7,(1.9k),Software Product | Bengaluru +27 other locations
Iris Software,3.7,(1.9k),IT Services & Consulting | Noida +23 other locations
NeoSOFT,3.3,(1.9k),IT Services & Consulting | Mumbai +26 other locations
Infinx,3.7,(1.9k),Software Product | Hyderabad +37 other locations
Lucas-TVS,3.9,(1.9k),Auto Components | Chennai +79 other locations
PI Industries,3.8,(1.9k),Agro Chemicals | Vadodara +109 other locations
Google,4.4,(1.9k),Software Product | Bengaluru +86 other locations
Safexpress,3.9,(1.9k),Logistics | New Delhi +159 other locations
Rungta Mines,3.9,(1.9k),Metals & Mining | Chaibasa +59 other locations
Torrent Power,3.7,(1.9k),Power | Ahmedabad +62 other locations
Polycab Wires,4.0,(1.9k),Electrical Equipment | Vadodara +168 other locations
Jindal Saw,4.0,(1.9k),Iron & Steel | Mundra +78 other locations
Hindustan Aeronautics,4.3,(1.9k),Defence & Aerospace | Bengaluru +64 other locations
Tekwissen,4.9,(1.9k),IT Services & Consulting | Visakhapatnam +5 other locations
Capri Global Capital,3.6,(1.9k),NBFC | New Delhi +348 other locations
Medi Assist India,3.5,(1.9k),Insurance | Bengaluru +67 other locations
Tata Tele Business Services,3.5,(1.9k),Telecom | Mumbai +136 other locations
TVS Sundram Fasteners,3.6,(1.9k),Auto Components | Chennai +64 other locations
Orchids International School,4.0,(1.9k),Education & Training | Bengaluru +35 other locations
Fusion CX,3.2,(1.9k),BPO | Kolkata +59 other locations
Aragen Life Sciences,3.9,(1.9k),Clinical Research | Hyderabad +29 other locations
Infra.Market,3.9,(1.9k),Building Material | Mumbai +134 other locations
AXA Global Business Services,3.7,(1.9k),IT Services & Consulting | Pune +12 other locations
KENT RO Systems,3.7,(1.9k),Consumer Electronics & Appliances | Noida +153 other locations
First American (India),3.5,(1.9k),Insurance | Bengaluru +22 other locations
Digit Insurance,3.6,(1.9k),Insurance | Bengaluru +93 other locations
AkzoNobel,4.1,(1.8k),Chemicals | Pune +160 other locations
Haldiram Foods International Limited,3.8,(1.8k),FMCG | Nagpur +171 other locations
Honda Cars,4.3,(1.8k),Automobile | Bhiwadi +113 other locations
Hindustan Petroleum,4.2,(1.8k),Oil & Gas | Mumbai +260 other locations
DIVI'S Laboratories,3.6,(1.8k),Pharma | Visakhapatnam +38 other locations
Adani Green Energy,3.9,(1.8k),Power | Ahmedabad +117 other locations
Sterling & Wilson,4.1,(1.8k),Engineering & Construction | Mumbai +132 other locations
Innovsource Services,3.9,(1.8k),Recruitment | Mumbai +253 other locations
MetLife,4.0,(1.8k),Insurance | Noida +44 other locations
Cafe Coffee Day,3.7,(1.8k),Hospitality | Bengaluru +105 other locations
Air India,3.4,(1.8k),Aviation | New Delhi +67 other locations
Pine Labs,3.2,(1.8k),FinTech | Noida +122 other locations
USV,4.0,(1.8k),Pharma | Mumbai +108 other locations
SS&C TECHNOLOGIES,3.2,(1.8k),IT Services & Consulting | Mumbai +30 other locations
LivSpace,3.3,(1.8k),Architecture & Interior Design | Bengaluru +53 other locations
USHA International,4.0,(1.8k),Consumer Electronics & Appliances | Gurugram +150 other locations
Reckitt Benckiser,3.9,(1.8k),FMCG | Gurugram +138 other locations
XBP Global,3.2,(1.8k),Internet | Chennai +23 other locations
Stellar Migration,1.3,(1.8k),Other | Dubai +7 other locations
Annapurna Finance,3.8,(1.8k),NBFC | Bhubaneswar +408 other locations
HDFC Securities,3.4,(1.8k),Financial Services | Mumbai +188 other locations
Tata Communications Transformation Services,3.8,(1.8k),Telecom | Pune +95 other locations
Kalyan Jewellers,4.4,(1.8k),Jewellery | Thrissur +159 other locations
Security and Intelligence Services (India),4.1,(1.8k),Law Enforcement & Security | New Delhi +196 other locations
BT Business,3.9,(1.8k),Telecom | Gurugram +13 other locations
Granules India Limited,3.8,(1.8k),Pharma | Hyderabad +23 other locations
Hitachi Astemo,4.1,(1.7k),Auto Components | Neemrana +54 other locations
BVG India,4.2,(1.7k),Facility Management Services | Pune +139 other locations
Bata,3.5,(1.7k),Fashion & Textile | Gurugram +151 other locations
Cushman & Wakefield,4.1,(1.7k),Real Estate | Gurugram +44 other locations
Vedantu,3.2,(1.7k),EdTech | Bengaluru +74 other locations
TTEC India,3.7,(1.7k),BPO | Ahmedabad +35 other locations
Orange Business,4.0,(1.7k),IT Services & Consulting | Gurugram +52 other locations
Mother Dairy Fruit & Vegetable,4.0,(1.7k),Hospitality | New Delhi +131 other locations
IIFL SAMASTA,3.7,(1.7k),NBFC | Bengaluru +420 other locations
NielsenIQ,3.4,(1.7k),Analytics & KPO | Chennai +56 other locations
Dhani Loans and Services,3.9,(1.7k),NBFC | Gurugram +185 other locations
Future Retail,4.4,(1.7k),Retail | Mumbai +197 other locations
Medanta the Medicity,4.0,(1.7k),Healthcare | Gurugram +50 other locations
HighRadius,2.5,(1.7k),Software Product | Hyderabad +15 other locations
FactSet,3.7,(1.7k),Analytics & KPO | Hyderabad +16 other locations
Caterpillar Inc,4.1,(1.7k),Industrial Machinery | Chennai +43 other locations
Metro Cash & Carry,4.0,(1.7k),Retail | Bengaluru +89 other locations
Sysnet Global Technologies,3.6,(1.7k),IT Services & Consulting | New Delhi +154 other locations
Cavinkare,3.9,(1.7k),FMCG | Chennai +173 other locations
Indian Navy,4.6,(1.7k),Defence & Aerospace | Mumbai +76 other locations
Frankfinn Institute of Air Hostess Training,3.9,(1.7k),Education & Training | Gurugram +61 other locations
Patanjali Foods,3.7,(1.7k),FMCG | Haridwar +243 other locations
Health Care Global Enterprises,4.4,(1.7k),Healthcare | Bengaluru +53 other locations
Clover Infotech,3.3,(1.7k),IT Services & Consulting | Mumbai +23 other locations
NEC,4.0,(1.7k),IT Services & Consulting | Noida +54 other locations
Tata 1mg,3.6,(1.7k),Internet | Gurugram +65 other locations
Compass Group Support Services,4.0,(1.7k),Hospitality | Bengaluru +78 other locations
L.G.Balakrishnan & Bros,3.5,(1.7k),Auto Components | Coimbatore +63 other locations
KONE,4.1,(1.7k),Industrial Machinery | Chennai +75 other locations
Rane (Madras),3.8,(1.7k),Auto Components | Chennai +58 other locations
Yamaha Motor,4.1,(1.7k),Automobile | Chennai +157 other locations
ReNew,4.2,(1.7k),Power | Gurugram +106 other locations
MagicBricks,3.9,(1.7k),Internet | Noida +35 other locations
DHL Express,4.1,(1.7k),Logistics | Mumbai +90 other locations
Shriram Life Insurance,3.6,(1.7k),Insurance | Hyderabad +343 other locations
CG Power and Industrial Solutions,3.8,(1.7k),Electrical Equipment | Bhopal +92 other locations
BA Continuum,3.9,(1.7k),IT Services & Consulting | Hyderabad +17 other locations
Vardhman Fabrics,4.0,(1.7k),Fashion & Textile | Baddi +67 other locations
Suryoday Small Finance Bank,3.9,(1.7k),Banking | Mumbai +235 other locations
JSW Bhushan Power & Steel,4.0,(1.7k),Iron & Steel | Jharsuguda +64 other locations
Matrimony.com,3.9,(1.7k),Internet | Chennai +63 other locations
Toyota Kirloskar Motor,4.3,(1.6k),Automobile | Bengaluru +93 other locations
Procter & Gamble,4.0,(1.6k),FMCG | Mumbai +255 other locations
Belrise Industries,3.7,(1.6k),Auto Components | Pune +56 other locations
CMA CGM,4.0,(1.6k),Ports & Shipping | Chennai +37 other locations
Coronis Ajuba Solutions,3.9,(1.6k),BPO | Chennai +31 other locations
Johnson & Johnson,3.9,(1.6k),Healthcare | Mumbai +170 other locations
Goldman Sachs,3.3,(1.6k),Financial Services | Bengaluru +22 other locations
Labmentix,4.5,(1.6k),Bengaluru +33 other locations
Krishna Maruti,3.8,(1.6k),Auto Components | Gurugram +54 other locations
Arvind Group,4.0,(1.6k),Fashion & Textile | Ahmedabad +91 other locations
Wipro Enterprises Ltd,3.8,(1.6k),FMCG | Bengaluru +121 other locations
Dixon Technologies,3.9,(1.6k),Electronics Manufacturing | Noida +47 other locations
Veritas Finance,4.2,(1.6k),NBFC | Chennai +301 other locations
Chegg,4.1,(1.6k),EdTech | New Delhi +78 other locations
Urban Company,3.3,(1.6k),Internet | Gurugram +60 other locations
Marico,3.8,(1.6k),FMCG | Mumbai +187 other locations
mPokket,4.5,(1.6k),NBFC | Kolkata +22 other locations
Satin Creditcare Network,3.9,(1.6k),NBFC | Gurugram +337 other locations
Teva Pharmaceuticals,3.9,(1.6k),Pharma | Bengaluru +53 other locations
Godrej Industries Group,3.9,(1.6k),Real Estate | Mumbai +155 other locations
Sanofi,4.0,(1.6k),Pharma | Hyderabad +92 other locations
Tata Play,4.0,(1.6k),Broadcasting | Mumbai +225 other locations
HERE Technologies,3.8,(1.6k),IT Services & Consulting | Mumbai +19 other locations
Hero Motors Company,3.9,(1.6k),Automobile | Ghaziabad +228 other locations
Welspun Living Limited,3.9,(1.6k),Fashion & Textile | Anjar +87 other locations
iOPEX Technologies,3.1,(1.6k),IT Services & Consulting | Chennai +15 other locations
Supreme Industries,4.0,(1.6k),Petrochemicals | Gwalior +127 other locations
IndiaFirst Life Insurance,3.8,(1.6k),Insurance | Mumbai +253 other locations
Asahi India Glass,3.8,(1.6k),Auto Components | Chennai +91 other locations
ZF Commercial Vehicle Control Systems,3.8,(1.6k),Auto Components | Chennai +50 other locations
Emami,3.8,(1.6k),FMCG | Kolkata +170 other locations
Broadridge Financial Solutions,3.8,(1.6k),FinTech | Hyderabad +15 other locations
Relaxo Footwear,4.0,(1.6k),Fashion & Textile | New Delhi +162 other locations
Kotak Mahindra Prime,3.9,(1.6k),NBFC | Mumbai +178 other locations
Cemindia Projects,4.2,(1.6k),Engineering & Construction | Kolkata +88 other locations
KFC,4.0,(1.6k),Hospitality | New Delhi +174 other locations
Wockhardt,3.7,(1.6k),Pharma | Chhatrapati Sambhajinagar +84 other locations
Mercer,3.6,(1.6k),Management Consulting | New Delhi +17 other locations
PharmEasy,3.7,(1.6k),Internet | Bengaluru +69 other locations
Hinduja Leyland Finance,3.9,(1.6k),NBFC | Chennai +302 other locations
IFB,3.6,(1.6k),Consumer Electronics & Appliances | Bengaluru +178 other locations
Marriott International,4.1,(1.6k),Hospitality | Bengaluru +93 other locations
SHYAM METALICS AND ENERGY,3.4,(1.6k),Metals & Mining | Kolkata +78 other locations
Lumax Industries,3.9,(1.6k),Auto Components | Gurugram +43 other locations
Amul India,4.0,(1.6k),Hospitality | Ahmedabad +209 other locations
Gujarat Fluorochemicals,3.9,(1.6k),Chemicals | Bharuch +31 other locations
Tata Consumer Products,3.5,(1.6k),FMCG | Bengaluru +234 other locations
Patra India,3.5,(1.6k),BPO | Visakhapatnam +27 other locations
Muthoot Microfin,4.2,(1.6k),NBFC | Kochi +417 other locations
Bajaj Capital,3.5,(1.6k),Financial Services | New Delhi +172 other locations
Bisleri,4.2,(1.6k),Beverage | Mumbai +183 other locations
Honda,4.0,(1.6k),Automobile | Gurugram +230 other locations
Karur Vysya Bank,3.5,(1.5k),Banking | Chennai +196 other locations
Suguna Foods,3.9,(1.5k),Food Processing | Coimbatore +208 other locations
Steel Strips Wheels,3.7,(1.5k),Auto Components | Chennai +51 other locations
Dainik Bhaskar Group,4.1,(1.5k),Printing & Publishing | Bhopal +137 other locations
Evalueserve,3.0,(1.5k),Analytics & KPO | Gurugram +15 other locations
American Broadcasting Company,4.0,(1.5k),Engineering & Construction | Bengaluru +98 other locations
XL Dynamics,3.6,(1.5k),IT Services & Consulting | Mumbai +31 other locations
Tesco,3.6,(1.5k),Retail | Bengaluru +17 other locations
Piramal Pharma,3.9,(1.5k),Pharma | Mumbai +84 other locations
GE VERNOVA,4.1,(1.5k),Power | Bengaluru +85 other locations
GMR Group,3.9,(1.5k),Engineering & Construction | New Delhi +76 other locations
Oracle Cerner,3.3,(1.5k),Software Product | Bengaluru +7 other locations
Canara Bank,3.6,(1.5k),Banking | Bengaluru +230 other locations
Sonata Software,3.4,(1.5k),IT Services & Consulting | Bengaluru +17 other locations
Nayara Energy,4.2,(1.5k),Oil & Gas | Jamnagar +96 other locations
SAI Life Sciences,3.9,(1.5k),Clinical Research | Hyderabad +27 other locations
Page Industries,4.1,(1.5k),Fashion & Textile | Bengaluru +167 other locations
Tanishq,4.1,(1.5k),Jewellery | Kolkata +241 other locations
QualityKiosk Technologies,3.2,(1.5k),IT Services & Consulting | Mumbai +22 other locations
Wheelseye Technology,3.4,(1.5k),Internet | Gurugram +223 other locations
Ashoka Buildcon,4.1,(1.5k),Engineering & Construction | Nashik +156 other locations
Devyani International,3.8,(1.5k),Hospitality | New Delhi +137 other locations
Acuity Analytics,3.1,(1.5k),Analytics & KPO | Bengaluru +17 other locations
PNB Housing Finance,3.7,(1.5k),NBFC | New Delhi +172 other locations
V5 Global Services,3.9,(1.5k),Recruitment | New Delhi +221 other locations
Gland Pharma,3.9,(1.5k),Pharma | Hyderabad +35 other locations
Airtel Payments Bank,3.8,(1.5k),Banking | Gurugram +342 other locations
HCL Infosystems,4.0,(1.5k),IT Services & Consulting | Noida +104 other locations
Chetu,3.7,(1.5k),Software Product | Noida +14 other locations
Max Fashion,4.0,(1.5k),Retail | Bengaluru +153 other locations
Heritage Foods,4.1,(1.5k),Food Processing | Hyderabad +124 other locations
Amneal Pharmaceuticals,4.2,(1.5k),Pharma | Ahmedabad +46 other locations
Valeo,3.9,(1.5k),Auto Components | Chennai +23 other locations
Daimler India Commercial Vehicles,3.9,(1.5k),Automobile | Chennai +51 other locations
SBFC Finance,3.8,(1.5k),NBFC | Mumbai +219 other locations
ALTEN,3.5,(1.5k),IT Services & Consulting | Bengaluru +27 other locations
Indoco Remedies,3.5,(1.5k),Pharma | Mumbai +84 other locations
ISS Facility Services,4.0,(1.5k),Facility Management Services | Mumbai +65 other locations
Happiest Minds Technologies,3.4,(1.5k),IT Services & Consulting | Bengaluru +17 other locations
Honeywell Technology Solutions,3.6,(1.5k),Industrial Automation | Bengaluru +18 other locations
Apco Infratech,3.8,(1.5k),Engineering & Construction | Mumbai +96 other locations
Chandigarh University,4.2,(1.5k),Education & Training | Chandigarh +47 other locations
Aon,3.8,(1.5k),Management Consulting | Gurugram +25 other locations
Apexon,3.3,(1.5k),IT Services & Consulting | Bengaluru +23 other locations
Bharat Forge,3.7,(1.5k),Auto Components | Pune +28 other locations
Altimetrik,3.5,(1.5k),IT Services & Consulting | Bengaluru +15 other locations
Oberoi Group of Hotels,4.0,(1.5k),Hospitality | New Delhi +40 other locations
Taurus BPO Services,4.0,(1.5k),BPO | Pune +23 other locations
Aumovio,3.7,(1.5k),Auto Components | Bengaluru +21 other locations
Narayana Educational Society,3.6,(1.5k),Education & Training | Hyderabad +147 other locations
NIIT,3.5,(1.5k),Education & Training | Gurugram +101 other locations
Hyatt Regency,4.0,(1.4k),Hospitality | New Delhi +52 other locations
AB InBev India,3.3,(1.4k),Beverage | Bengaluru +79 other locations
Jaquar,4.1,(1.4k),Building Material | Gurugram +118 other locations
Morningstar,3.7,(1.4k),Financial Services | Mumbai +18 other locations
Sony,4.2,(1.4k),Consumer Electronics & Appliances | New Delhi +143 other locations
CIE Automotive India Limited (Formerly known as Mahindra CIE Automotive Limited),3.6,(1.4k),Auto Components | Pune +48 other locations
Indegene,3.3,(1.4k),Healthcare | Bengaluru +34 other locations
VOIS,3.7,(1.4k),IT Services & Consulting | Pune +21 other locations
City Union Bank,2.9,(1.4k),Banking | Chennai +200 other locations
Agilus Diagnostics,4.1,(1.4k),Healthcare | Mumbai +136 other locations
Fusion Finance,3.9,(1.4k),NBFC | New Delhi +351 other locations
Acmegrade,3.9,(1.4k),EdTech | Bengaluru +22 other locations
Tieto,4.1,(1.4k),IT Services & Consulting | Pune +13 other locations
Amara Raja Energy & Mobility,4.0,(1.4k),Auto Components | Tirupati +94 other locations
Nykaa,3.4,(1.4k),Internet | Mumbai +116 other locations
Slk Software Services,3.2,(1.4k),IT Services & Consulting | Bengaluru +15 other locations
MedPlus,3.5,(1.4k),Retail | Hyderabad +149 other locations
Vfs Global Services,3.4,(1.4k),IT Services & Consulting | Mumbai +32 other locations
Eaton,3.9,(1.4k),Electronics Manufacturing | Pune +22 other locations
Adobe,3.7,(1.4k),Software Product | Bengaluru +22 other locations
Hire In Global,4.9,(1.4k),Recruitment | Mumbai +63 other locations
TEKsystems,3.1,(1.4k),IT Services & Consulting | Bengaluru +18 other locations
AtkinsRealis,3.7,(1.4k),Engineering & Construction | Bengaluru +55 other locations
Xiaomi,3.8,(1.4k),Consumer Electronics & Appliances | Bengaluru +214 other locations
DCM Shriram,4.1,(1.4k),Chemicals | Bharuch +110 other locations
VLCC,3.2,(1.4k),Beauty & Personal Care | New Delhi +110 other locations
Sansera Engineering,4.0,(1.4k),Auto Components | Bengaluru +28 other locations
Tenarai,3.5,(1.4k),Emerging Technologies | Bengaluru +23 other locations
TÜV SÜD,4.0,(1.4k),"Testing, Inspection and Certification (TIC) | Bengaluru +134 other locations"
Aerial Telecom Solutions,4.2,(1.4k),Telecom | Sahibzada Ajit Singh Nagar +114 other locations
J. Kumar Infraprojects,4.1,(1.4k),Engineering & Construction | Mumbai +41 other locations
Tata Group,4.2,(1.4k),IT Services & Consulting | Mumbai +167 other locations
Oracle Financial Services Software,3.2,(1.4k),Software Product | Bengaluru +22 other locations
Kantar,3.5,(1.4k),Analytics & KPO | Bengaluru +44 other locations
EOSGlobe,3.0,(1.4k),BPO | Mumbai +29 other locations
Unisys,3.4,(1.4k),IT Services & Consulting | Bengaluru +18 other locations
The Muthoot Group,3.6,(1.4k),Financial Services | New Delhi +312 other locations
Citco,3.1,(1.4k),Management Consulting | Hyderabad +13 other locations
IDC Technologies,3.1,(1.4k),IT Services & Consulting | Noida +66 other locations
Rashmi Metaliks,3.1,(1.4k),Iron & Steel | Kharagpur +43 other locations
FedEx Express,4.0,(1.4k),Logistics | Mumbai +94 other locations
Worley,4.1,(1.4k),Engineering & Construction | Mumbai +56 other locations
Novo Nordisk,3.7,(1.4k),Pharma | Bengaluru +75 other locations
Sunknowledge Services,3.4,(1.4k),BPO | Kolkata +13 other locations
iMerit,3.2,(1.4k),IT Services & Consulting | Kolkata +20 other locations
Fino Payments Bank,3.8,(1.4k),Banking | Mumbai +277 other locations
R Systems International,3.7,(1.4k),IT Services & Consulting | Noida +23 other locations
JSW Cement,4.1,(1.4k),Building Material | Mumbai +148 other locations
Sharekhan,3.7,(1.4k),Financial Services | Mumbai +114 other locations
Amity University,3.6,(1.4k),Education & Training | Noida +85 other locations
TCS iON,3.8,(1.4k),IT Services & Consulting | Bengaluru +113 other locations
Troikaa Pharmaceuticals,4.1,(1.4k),Pharma | Ahmedabad +106 other locations
Incedo,2.9,(1.4k),IT Services & Consulting | Gurugram +13 other locations
Bajaj Housing Finance,3.5,(1.4k),NBFC | Pune +167 other locations
INDIUM,3.9,(1.4k),IT Services & Consulting | Chennai +13 other locations
Aforeserve,3.4,(1.4k),IT Services & Consulting | Mumbai +160 other locations
Paytm Payments Bank,3.8,(1.4k),Banking | Noida +137 other locations
Faurecia,3.9,(1.4k),Auto Components | Pune +28 other locations
The Ramco Cements,4.1,(1.4k),Building Material | Chennai +127 other locations
TE Connectivity,4.1,(1.4k),Electronics Manufacturing | Bengaluru +23 other locations
Bharat FIH,3.7,(1.4k),Electronics Manufacturing | Chennai +39 other locations
Iffco Tokio General Insurance Co.,3.8,(1.4k),Insurance | Gurugram +282 other locations
Unichem Laboratories,3.7,(1.4k),Pharma | Ghaziabad +77 other locations
Sheenlac Paints,4.1,(1.4k),Chemicals | Chennai +163 other locations
Burger King,3.9,(1.4k),Hospitality | New Delhi +112 other locations
Grant Thornton,3.4,(1.4k),Accounting & Auditing | Bengaluru +59 other locations
Aptara,3.1,(1.4k),Content Development | Noida +15 other locations
Viraj Profiles,4.1,(1.4k),Iron & Steel | Mumbai +29 other locations
FDC,3.7,(1.3k),Pharma | Mumbai +129 other locations
DEXIT Global,3.4,(1.3k),IT Services & Consulting | Mumbai +151 other locations
Brillio,3.4,(1.3k),IT Services & Consulting | Bengaluru +14 other locations
ZF Steering Gear,3.7,(1.3k),Auto Components | Hyderabad +37 other locations
GE,4.1,(1.3k),Defence & Aerospace | Bengaluru +77 other locations
Hindware Limited,3.9,(1.3k),Building Material | Hyderabad +133 other locations
Collabera Talent Solutions,3.4,(1.3k),Recruitment | Bengaluru +43 other locations
Hatsun Agro Product,3.8,(1.3k),Food Processing | Chennai +127 other locations
Decathlon,3.7,(1.3k),Retail | Bengaluru +71 other locations
CreditAccess Grameen,3.9,(1.3k),NBFC | Bengaluru +352 other locations
GEP Worldwide,3.6,(1.3k),IT Services & Consulting | Mumbai +17 other locations
CenturyPly,3.8,(1.3k),Furniture & Furnishing | Kolkata +148 other locations
JioMart,3.9,(1.3k),Retail | Mumbai +296 other locations
RBL FinServe,3.9,(1.3k),Financial Services | Mumbai +371 other locations
ManpowerGroup,3.6,(1.3k),Recruitment | Bengaluru +152 other locations
Baroda Global Shared Services,3.9,(1.3k),BPO | Gandhinagar +183 other locations
Punjab National Bank,3.9,(1.3k),Banking | New Delhi +219 other locations
More Supermarket,3.6,(1.3k),Retail | Bengaluru +164 other locations
VIBGYOR Group of Schools,3.5,(1.3k),Education & Training | Bengaluru +37 other locations
NetAmbit,4.0,(1.3k),BPO | Noida +160 other locations
Nippon Paint India,4.0,(1.3k),Chemicals | Chennai +165 other locations
Cinépolis,3.8,(1.3k),Media & Entertainment | New Delhi +61 other locations
Shubham Housing Development Finance,4.0,(1.3k),NBFC | New Delhi +161 other locations
OM Logistics,3.9,(1.3k),Logistics | New Delhi +125 other locations
Spicejet,3.3,(1.3k),Aviation | New Delhi +60 other locations
Big Bazaar,4.4,(1.3k),Retail | New Delhi +158 other locations
Atul,3.9,(1.3k),Chemicals | Valsad +64 other locations
SK Finance Limited,3.8,(1.3k),NBFC | Jaipur +277 other locations
Mondelez International,4.1,(1.3k),Food Processing | Mumbai +205 other locations
Astral Pipe,4.0,(1.3k),Building Material | Ahmedabad +145 other locations
NxtWave,3.5,(1.3k),EdTech | Hyderabad +55 other locations
ICICI Prudential Mutual Fund,3.9,(1.3k),Financial Services | Mumbai +173 other locations
Royal Migration Solutions,4.9,(1.3k),Other | Dubai +12 other locations
Globant,3.4,(1.3k),IT Services & Consulting | Pune +17 other locations
Ion Exchange India,3.7,(1.3k),Waste Management | Mumbai +128 other locations
OpenText Technologies,3.3,(1.3k),Software Product | Bengaluru +14 other locations
Fabindia,3.7,(1.3k),Retail | New Delhi +82 other locations
Luminous Power Technologies,4.1,(1.3k),Consumer Electronics & Appliances | Gurugram +135 other locations
Centre for Development of Advanced Computing,3.7,(1.3k),IT Services & Consulting | Pune +43 other locations
Bluestock ™,4.5,(1.3k),FinTech | Pune +44 other locations
Pantaloons,4.1,(1.3k),Retail | Mumbai +156 other locations
Jakson Group,4.1,(1.3k),Power | Noida +103 other locations
Samsung Research,3.0,(1.3k),IT Services & Consulting | Bengaluru +21 other locations
Hindustan Construction Company,4.2,(1.3k),Engineering & Construction | Mumbai +93 other locations
Aarvee Associates,3.7,(1.3k),Engineering & Construction | Hyderabad +180 other locations
T-Systems ICT India,3.7,(1.3k),IT Services & Consulting | Pune +17 other locations
Apex Group,2.6,(1.3k),Financial Services | Pune +28 other locations
ANZ Banking Group,3.7,(1.3k),Banking | Bengaluru +17 other locations
Vestas,4.1,(1.3k),Power | Chennai +51 other locations
Spandana Sphoorty Financial,3.8,(1.3k),NBFC | Hyderabad +365 other locations
Tenneco,3.6,(1.3k),Auto Components | Pune +47 other locations
Sigma Electric Manufacturing Corporation,4.0,(1.3k),Industrial Machinery | Pune +24 other locations
Godrej Consumer Products,4.0,(1.3k),FMCG | Mumbai +149 other locations
Panasonic,4.0,(1.3k),Consumer Electronics & Appliances | Gurugram +124 other locations
Electronics Corporation of India Limited,4.2,(1.3k),Electronics Manufacturing | Hyderabad +58 other locations
Automotive Manufacturers,3.8,(1.3k),Automobile | Hyderabad +152 other locations
SKF,4.0,(1.3k),Auto Components | Pune +72 other locations
AGS Transact Technologies,2.8,(1.3k),FinTech | Mumbai +123 other locations
Fresenius Kabi,4.0,(1.3k),Pharma | Pune +66 other locations
H.G. Infra Engineering,4.0,(1.3k),Engineering & Construction | Jaipur +99 other locations
Intertek,3.8,(1.3k),"Testing, Inspection and Certification (TIC) | New Delhi +119 other locations"
PNC Infratech,3.8,(1.3k),Engineering & Construction | Agra +98 other locations
KIMS Hospital,3.7,(1.3k),Healthcare | Hyderabad +60 other locations
Dell EMC,3.8,(1.3k),IT Services & Consulting | Bengaluru +54 other locations
Dassault Systemes,3.7,(1.3k),Software Product | Pune +13 other locations
Zoho,4.1,(1.3k),Software Product | Chennai +37 other locations
DP World,3.8,(1.3k),Logistics | Mumbai +84 other locations
iSON Xperiences,3.2,(1.3k),BPO | Chennai +43 other locations
Shriram Pistons & Rings,4.0,(1.2k),Auto Components | Bhiwadi +61 other locations
Prodapt,3.5,(1.2k),IT Services & Consulting | Chennai +16 other locations
Mu Sigma,2.5,(1.2k),Analytics & KPO | Bengaluru +16 other locations
Kalpataru Limited,4.1,(1.2k),Real Estate | Mumbai +84 other locations
Synchrony,4.2,(1.2k),Financial Services | Hyderabad +9 other locations
AIIMS,4.2,(1.2k),Education & Training | New Delhi +77 other locations
Colliers India,3.9,(1.2k),Real Estate | Bengaluru +50 other locations
Jindal X,3.5,(1.2k),BPO | New Delhi +22 other locations
DLF,4.0,(1.2k),Real Estate | Gurugram +35 other locations
Diageo,3.8,(1.2k),Beverage | Bengaluru +100 other locations
Parexel International,3.8,(1.2k),Clinical Research | Hyderabad +25 other locations
Oil And Natural Gas Corporation,4.3,(1.2k),Oil & Gas | Mumbai +84 other locations
Rockman Industries,3.8,(1.2k),Auto Components | Haridwar +42 other locations
Nielsen,3.0,(1.2k),Analytics & KPO | Bengaluru +75 other locations
Indostar Capital Finance Limited,4.3,(1.2k),NBFC | Mumbai +332 other locations
Fidelity Investments,4.1,(1.2k),Financial Services | Bengaluru +20 other locations
Rupeek,4.1,(1.2k),FinTech | Bengaluru +56 other locations
Wind World,4.0,(1.2k),Power | Jaisalmer +85 other locations
Qualcomm,3.7,(1.2k),Semiconductors | Hyderabad +18 other locations
ExcelR,3.6,(1.2k),Education & Training | Bengaluru +25 other locations
JTEKT,4.1,(1.2k),Auto Components | Gurugram +30 other locations
EbixCash Limited,3.6,(1.2k),Software Product | Noida +86 other locations
DENSO,4.1,(1.2k),Auto Components | Gurugram +40 other locations
Kirloskar Oil Engines,4.1,(1.2k),Industrial Machinery | Pune +109 other locations
Ahluwalia Contracts India,4.0,(1.2k),Engineering & Construction | New Delhi +55 other locations
Best Sellers,4.1,(1.2k),Retail | Mumbai +92 other locations
Strides Pharma,3.9,(1.2k),Pharma | Bengaluru +43 other locations
Fidelity National Financial,3.7,(1.2k),Financial Services | Bengaluru +16 other locations
JK Lakshmi Cement,3.7,(1.2k),Building Material | New Delhi +143 other locations
ACG Worldwide,3.8,(1.2k),Pharma | Mumbai +33 other locations
Genius HRTech,3.8,(1.2k),Recruitment | Kolkata +108 other locations
Innova Solutions,3.3,(1.2k),IT Services & Consulting | Hyderabad +37 other locations
PHN Technology,4.2,(1.2k),EdTech | Pune +32 other locations
Intel,4.1,(1.2k),Semiconductors | Bengaluru +38 other locations
Leadec India,4.1,(1.2k),Facility Management Services | Pune +82 other locations
Baazar Retail Private Limited,4.5,(1.2k),Retail | Kolkata +111 other locations
Zetwerk,4.0,(1.2k),Industrial Machinery | Bengaluru +124 other locations
Federal Bank,3.5,(1.2k),Banking | Mumbai +157 other locations
Sri Chaitanya Techno Schools,3.5,(1.2k),Education & Training | Bengaluru +172 other locations
Indira IVF Hospital,3.9,(1.2k),Healthcare | Mumbai +106 other locations
Schaeffler India,4.0,(1.2k),Auto Components | Vadodara +30 other locations
Thyrocare Technologies,3.7,(1.2k),Healthcare | Mumbai +77 other locations
HFCL Limited,3.8,(1.2k),Telecom | Hyderabad +112 other locations
Aptiv,3.4,(1.2k),Auto Components | Bengaluru +26 other locations
Electronica Finance,4.1,(1.2k),NBFC | Pune +174 other locations
Prism Johnson,3.7,(1.2k),Building Material | Mumbai +147 other locations
Salesforce,3.9,(1.2k),Software Product | Hyderabad +42 other locations
Balkrishna Industries,4.0,(1.2k),Auto Components | Bhuj +35 other locations
PayPal,3.7,(1.2k),FinTech | Bengaluru +15 other locations
Meril,3.6,(1.2k),Medical Equipment | Vapi +86 other locations
FOCUS EDUMATICS,2.9,(1.2k),EdTech | Coimbatore +36 other locations
Aparna Constructions and Estates,3.9,(1.2k),Real Estate | Hyderabad +22 other locations
Birla Corporation,4.0,(1.2k),Building Material | Satna +146 other locations
Apollo Health and Lifestyle Limited,4.3,(1.2k),Healthcare | Hyderabad +95 other locations
Podar International School,4.0,(1.2k),Education & Training | Mumbai +125 other locations
MDIndia Health Insurance TPA,3.6,(1.2k),Insurance | Pune +94 other locations
London Stock Exchange Group,3.6,(1.2k),Financial Services | Bengaluru +11 other locations
The Jaypee Group,3.8,(1.2k),Engineering & Construction | Noida +108 other locations
Barclays Shared Services,3.8,(1.2k),Financial Services | Chennai +17 other locations
Imperial Auto Industries,3.8,(1.2k),Auto Components | Faridabad +37 other locations
Johnson Lifts,3.9,(1.2k),Industrial Machinery | Chennai +76 other locations
Ocwen Financial Solutions,3.8,(1.2k),Financial Services | Bengaluru +9 other locations
Coca-Cola Company,4.0,(1.2k),Beverage | Bengaluru +208 other locations
Nilkamal,3.7,(1.2k),Furniture & Furnishing | Mumbai +113 other locations
Dhoot Transmission,3.7,(1.2k),Auto Components | Chhatrapati Sambhajinagar +44 other locations
Deccan Fine Chemicals,3.6,(1.2k),Agro Chemicals | Tuni +31 other locations
IIFL Home Finance,3.8,(1.2k),NBFC | Gurugram +269 other locations
Motilal Oswal Home Finance,4.3,(1.2k),NBFC | Mumbai +130 other locations
Dishtv,3.4,(1.2k),Broadcasting | Noida +151 other locations
Biocon Biologics,3.7,(1.2k),Biotechnology | Bengaluru +27 other locations
CaratLane - A Tata Product,4.0,(1.2k),Jewellery | Chennai +87 other locations
Bajaj Motors,3.9,(1.1k),Auto Components | Gurugram +92 other locations
Edelweiss,3.6,(1.1k),Financial Services | Mumbai +114 other locations
Kohler,3.6,(1.1k),Building Material | Pune +54 other locations
Edelweiss Life Insurance,3.7,(1.1k),Insurance | Mumbai +124 other locations
INDO-MIM,4.0,(1.1k),Metals & Mining | Bengaluru +36 other locations
Jacobs Engineering Group,4.2,(1.1k),Engineering & Construction | Mumbai +42 other locations
Stanza Living,3.3,(1.1k),Internet | Bengaluru +37 other locations
Navitasys India,4.0,(1.1k),Electronics Manufacturing | Bawal +28 other locations
Unicharm,3.9,(1.1k),FMCG | Gurugram +195 other locations
Barbeque Nation,3.9,(1.1k),Hospitality | Bengaluru +83 other locations
Piaggio,3.6,(1.1k),Automobile | Pune +85 other locations
Jabil Circuit India,4.0,(1.1k),Electronics Manufacturing | Pune +30 other locations
Onward Technologies Inc,2.8,(1.1k),IT Services & Consulting | Pune +64 other locations
Advantmed,4.1,(1.1k),Healthcare | Ahmedabad +17 other locations
Asirvad Microfinance,3.8,(1.1k),NBFC | Chennai +324 other locations
Svatantra Microfin,3.9,(1.1k),NBFC | Mumbai +348 other locations
V2 Retail,3.3,(1.1k),Retail | New Delhi +139 other locations
Air India Sats Airport Services,3.6,(1.1k),Aviation | New Delhi +46 other locations
Zydus Wellness,4.1,(1.1k),FMCG | Ahmedabad +130 other locations
TK Elevator,3.8,(1.1k),Industrial Machinery | Pune +80 other locations
MAHLE ANAND Filter Systems,3.9,(1.1k),Auto Components | Pune +40 other locations
Wonder Home Finance,4.6,(1.1k),NBFC | Jaipur +120 other locations
TÜV NORD,3.7,(1.1k),"Testing, Inspection and Certification (TIC) | Pune +93 other locations"
Sundaram Finance,3.9,(1.1k),NBFC | Chennai +253 other locations
MG Motor,3.9,(1.1k),Automobile | Vadodara +102 other locations
Hyundai Mobis,3.7,(1.1k),Auto Components | Chennai +48 other locations
1Point1 Solutions Ltd,3.5,(1.1k),BPO | Bengaluru +18 other locations
ICON Plc,4.0,(1.1k),Clinical Research | Chennai +23 other locations
Wistron,4.0,(1.1k),Electronics Manufacturing | Bengaluru +22 other locations
Knorr-Bremse,3.2,(1.1k),Auto Components | Pune +33 other locations
Hikal,3.8,(1.1k),Pharma | Bengaluru +23 other locations
Sri Chaitanya Educational Institutions,3.6,(1.1k),Education & Training | Hyderabad +102 other locations
Godrej Agrovet,3.9,(1.1k),Agriculture | Mumbai +147 other locations
Kirloskar Brothers,3.7,(1.1k),Industrial Machinery | Pune +75 other locations
Tube Investments of India,3.8,(1.1k),Engineering & Construction | Chennai +65 other locations
Vedanta Aluminium Metal,3.8,(1.1k),Metals & Mining | Jharsuguda +47 other locations
Birla Opus,4.0,(1.1k),Chemicals | Mumbai +294 other locations
Innodata India Private Limited,3.7,(1.1k),IT Services & Consulting | Noida +23 other locations
Syngenta,4.2,(1.1k),Agriculture | Pune +176 other locations
Unity Small Finance Bank,3.6,(1.1k),Banking | Mumbai +151 other locations
Aarvi Encon,3.9,(1.1k),Recruitment | Mumbai +133 other locations
Saipem,4.2,(1.1k),Engineering & Construction | Chennai +42 other locations
CALIBEHR,3.9,(1.1k),IT Services & Consulting | Mumbai +186 other locations
VMware Software,4.4,(1.1k),Software Product | Bengaluru +17 other locations
Hinduja Housing Finance,3.7,(1.1k),NBFC | New Delhi +217 other locations
Tata Capital Housing Finance,3.9,(1.1k),NBFC | Mumbai +171 other locations
HPCL-Mittal Energy Limited,4.3,(1.1k),Petrochemicals | Bathinda +30 other locations
Gmmco,4.0,(1.1k),Industrial Machinery | Chennai +90 other locations
Adani Ports and SEZ,3.6,(1.1k),Ports & Shipping | Mundra +60 other locations
TKIL,4.1,(1.1k),Industrial Machinery | Pune +67 other locations
Northcorp Software,4.8,(1.1k),IT Services & Consulting | Gurugram +7 other locations
SLMG Beverages,3.9,(1.1k),Beverage | Lucknow +97 other locations
Pernod Ricard,3.5,(1.1k),Beverage | Gurugram +122 other locations
GAIL,4.4,(1.1k),Oil & Gas | New Delhi +105 other locations
Hitachi Energy,4.0,(1.1k),Power | Chennai +39 other locations
Metropolis Healthcare,3.9,(1.1k),Healthcare | Mumbai +104 other locations
Vayona Energy,4.0,(1.1k),Power | Bengaluru +68 other locations
Thermo Fisher Scientific,3.8,(1.1k),Biotechnology | Bengaluru +36 other locations
Malabar Gold and Diamonds,4.1,(1.1k),Jewellery | Hyderabad +135 other locations
Power Grid Corporation of India,4.3,(1.1k),Power | Gurugram +236 other locations
Xyz Company,3.8,(1.1k),Financial Services | Bengaluru +90 other locations
Dana Anand,4.0,(1.1k),Auto Components | Pune +49 other locations
BDR Pharmaceuticals International,4.2,(1.1k),Pharma | Vadodara +29 other locations
Bajaj Capital Insurance Broking Limited,4.3,(1.1k),Insurance | New Delhi +141 other locations
Fractal Analytics,4.0,(1.1k),Analytics & KPO | Bengaluru +19 other locations
Hindustan Zinc,3.7,(1.1k),Metals & Mining | Udaipur +37 other locations
Jet Airways,4.6,(1.1k),Aviation | Mumbai +44 other locations
QX Global Group,3.0,(1.1k),BPO | Ahmedabad +19 other locations
Greenko Group,3.9,(1.1k),Power | Hyderabad +83 other locations
Crompton Greaves Consumer Electricals,3.7,(1.1k),Consumer Electronics & Appliances | Mumbai +111 other locations
Shyam Steel Group,3.5,(1.1k),Iron & Steel | Kolkata +89 other locations
Nexa,3.9,(1.1k),Automobile | New Delhi +216 other locations
Aspire Systems,3.8,(1.1k),IT Services & Consulting | Chennai +23 other locations
Zf Rane Automotive,3.9,(1.1k),Auto Components | Chennai +50 other locations
Vertiv,3.7,(1.1k),Electronics Manufacturing | Pune +54 other locations
Amazon Sellers Services,4.0,(1.1k),Internet | Bengaluru +68 other locations
Klm Axiva Finvest,4.4,(1.1k),NBFC | Bengaluru +158 other locations
Gharda Chemicals Limited,4.0,(1.1k),Agro Chemicals | Mumbai +74 other locations
Writer Information Management Services,3.2,(1.1k),BPO | Mumbai +103 other locations
Netcracker Technology,3.0,(1.1k),IT Services & Consulting | Hyderabad +12 other locations
Wheels,3.9,(1.1k),Auto Components | Chennai +47 other locations
Otis Elevator,4.1,(1.1k),Industrial Machinery | Bengaluru +71 other locations
BirlaNu,3.8,(1.1k),Building Material | Hyderabad +111 other locations
Bharat Sanchar Nigam,3.8,(1.1k),Telecom | Bengaluru +240 other locations
ValueMomentum,3.2,(1.1k),IT Services & Consulting | Hyderabad +11 other locations
GVPR Engineers,3.8,(1.1k),Engineering & Construction | Hyderabad +95 other locations
GlobalData,3.3,(1.1k),Analytics & KPO | Hyderabad +22 other locations
Spencer's Retail,3.7,(1k),Retail | Kolkata +63 other locations
ALLEN Career Institute,3.7,(1k),Education & Training | Kota +73 other locations
IB Group,3.7,(1k),Food Processing | Rajnandgaon +154 other locations
Thomas Cook,4.1,(1k),Travel & Tourism | Mumbai +83 other locations
Nippon Life India Asset Management,4.6,(1k),Financial Services | Mumbai +189 other locations
Lakshmi Machine Works,3.8,(1k),Industrial Machinery | Coimbatore +30 other locations
Atlas Copco,4.1,(1k),Industrial Machinery | Pune +60 other locations
Uber,4.1,(1k),Internet | Hyderabad +52 other locations
NBC Bearings,3.9,(1k),Auto Components | Jaipur +28 other locations
Allianz Technology,4.0,(1k),IT Services & Consulting | Pune +14 other locations
Kinara Capital,4.2,(1k),NBFC | Bengaluru +115 other locations
Hitachi Payment Services,3.6,(1k),FinTech | Mumbai +89 other locations
Amara Raja Group,4.1,(1k),Auto Components | Tirupati +80 other locations
Ceasefire Industries,3.1,(1k),Industrial Machinery | New Delhi +76 other locations
Tata Cummins,4.4,(1k),Auto Components | Jamshedpur +45 other locations
Vistaar Finance,3.9,(1k),NBFC | Bengaluru +204 other locations
Syrma SGS Technologies,4.0,(1k),Electronics Manufacturing | Chennai +23 other locations
United Breweries,3.3,(1k),Beverage | Bengaluru +109 other locations
SitusAMC,3.3,(1k),Financial Services | Bengaluru +19 other locations
Skipper,3.9,(1k),Industrial Machinery | Kolkata +94 other locations
iQor Global Services,3.3,(1k),BPO | Noida +50 other locations
Suzuki Motorcycle,4.0,(1k),Automobile | Gurugram +120 other locations
MakeMyTrip,3.5,(1k),Travel & Tourism | Gurugram +46 other locations
Perfetti Van Melle,4.2,(1k),FMCG | Gurugram +167 other locations
Siemens Energy,4.1,(1k),Power | Pune +52 other locations
Secure Meters,3.9,(1k),Electronics Manufacturing | Udaipur +74 other locations
Fortrea Development India Private Limited,3.9,(1k),Clinical Research | Bengaluru +11 other locations
Comviva Technology,2.7,(1k),Software Product | Gurugram +19 other locations
Visionet Systems,3.3,(1k),IT Services & Consulting | Bengaluru +17 other locations
Sahara India Pariwar,3.9,(1k),Broadcasting | Lucknow +245 other locations
Skoda Auto Volkswagen India,3.9,(1k),Automobile | Pune +50 other locations
Zudio,3.9,(1k),Retail | New Delhi +151 other locations
Lemon Tree Hotels,4.0,(1k),Hospitality | New Delhi +80 other locations
Bounteous x Accolite,3.2,(1k),IT Services & Consulting | Bengaluru +15 other locations
Westside,3.7,(1k),Retail | Mumbai +110 other locations
Temenos,3.2,(1k),Software Product | Chennai +11 other locations
Aparajitha Corporate Services,3.8,(1k),Legal | Madurai +98 other locations
Motherson Sumi Wiring,3.7,(1k),Electrical Equipment | Noida +43 other locations
Incheon Motors,4.7,(1k),Automobile | Kochi +16 other locations
MasterCard,3.8,(1k),FinTech | Pune +16 other locations
Arohan Financial Services,3.9,(1k),NBFC | Kolkata +239 other locations
Star Cement,4.0,(1k),Building Material | Guwahati +79 other locations
Vaco Binary Semantics,3.1,(1k),IT Services & Consulting | Gurugram +49 other locations
Colgate Palmolive,4.0,(1k),FMCG | Mumbai +122 other locations
Merino Industries,3.7,(1k),Building Material | New Delhi +82 other locations
AstraZeneca,3.9,(1k),Pharma | Chennai +49 other locations
TradeIndia (Infocom Network Private Limited),3.3,(1k),Internet | New Delhi +42 other locations
Pristyn Care,3.1,(1k),Internet | Gurugram +34 other locations
eClinicalWorks,3.5,(1k),Software Product | Mumbai +20 other locations
VeeTechnologies,4.0,(1k),IT Services & Consulting | Bengaluru +41 other locations
Mastek,3.6,(1k),IT Services & Consulting | Mumbai +23 other locations
Cult.fit,3.5,(1k),Fitness & Wellness | Bengaluru +42 other locations
Collins Aerospace,3.8,(1k),Defence & Aerospace | Bengaluru +12 other locations
Tiger Analytics,3.7,(1k),IT Services & Consulting | Bengaluru +17 other locations
Xebia,3.0,(1k),IT Services & Consulting | Gurugram +23 other locations
Amazon Web Services,3.8,(1k),IT Services & Consulting | Bengaluru +62 other locations
SYSKA LED Lights,2.9,(1k),Consumer Electronics & Appliances | Pune +154 other locations
C&S Electric,4.0,(1k),Electrical Equipment | Noida +58 other locations
CarDekho Group,3.6,(1k),Internet | Gurugram +81 other locations
Mahindra Automotives,3.8,(1k),Automobile | Pune +132 other locations
Wonder Cement,4.2,(1k),Building Material | Nimbahera +112 other locations
JSW Group,3.9,(1k),Iron & Steel | Mumbai +100 other locations
Lumina Datamatics,3.2,(1k),IT Services & Consulting | Mumbai +20 other locations
Rebel Foods,3.7,(998),Hospitality | Mumbai +80 other locations
Quantiphi Analytics Solutions Private Limited,3.1,(997),IT Services & Consulting | Bengaluru +18 other locations
Softenger,3.9,(997),IT Services & Consulting | Pune +32 other locations
Capacit'e Infraprojects,3.7,(996),Engineering & Construction | Mumbai +35 other locations
Everest Industries,3.8,(995),Building Material | Mumbai +98 other locations
Lowe's,4.0,(995),Retail | Bengaluru +9 other locations
Entain,3.5,(995),IT Services & Consulting | Hyderabad +13 other locations
National Payments Corporation of India,4.0,(994),FinTech | Mumbai +11 other locations
Jyothy Labs,4.0,(996),FMCG | Mumbai +199 other locations
JW Marriott,4.2,(994),Hospitality | Mumbai +43 other locations
General Mills,4.1,(993),Food Processing | Mumbai +55 other locations
J B Chemicals And Pharmaceuticals,3.9,(991),Pharma | Mumbai +96 other locations
Marsh McLennan,3.8,(991),Management Consulting | Mumbai +24 other locations
Yokohama Off-Highway Tires,3.7,(991),Auto Components | Bharuch +38 other locations
Marsh McLennan,3.8,(991),Management Consulting | Mumbai +24 other locations
Technip Energies,4.0,(992),Engineering & Construction | Noida +43 other locations
TechnipFMC,3.9,(989),Engineering & Construction | Hyderabad +44 other locations
Pizza Hut,4.0,(988),Hospitality | New Delhi +128 other locations
Hiranandani Financial Services,4.4,(986),NBFC | Mumbai +137 other locations
Barclays Global Service Centre,3.9,(986),IT Services & Consulting | Pune +13 other locations
Salcomp Manufacturing,4.0,(986),Electronics Manufacturing | Chennai +28 other locations
KEI Industries,4.2,(985),Electrical Equipment | New Delhi +111 other locations
VIP Industries,3.7,(984),Retail | Mumbai +98 other locations
Financial Software & Systems,3.6,(983),Software Product | Chennai +35 other locations
Napino Auto & Electronics,3.9,(984),Auto Components | Gurugram +25 other locations
Guidehouse,3.6,(982),Management Consulting | Chennai +19 other locations
Psp Projects,3.8,(981),Engineering & Construction | Ahmedabad +56 other locations
Pricol,3.9,(980),Auto Components | Coimbatore +35 other locations
Defence Research & Development Organisation,4.4,(980),Defence & Aerospace | Hyderabad +59 other locations
LOREAL,3.8,(981),Beauty & Personal Care | Mumbai +100 other locations
Shriram General Insurance,3.6,(978),Insurance | Jaipur +205 other locations
Astral Adhesives,3.9,(978),Chemicals | Ahmedabad +163 other locations
Altisource,3.5,(978),Real Estate | Bengaluru +9 other locations
Kendriya Vidyalaya Sangathan,4.3,(979),Education & Training | New Delhi +235 other locations
Xceedance,3.5,(969),IT Services & Consulting | Gurugram +14 other locations
JSW Paints,3.7,(968),Chemicals | Mumbai +172 other locations
Pramerica Life Insurance,3.7,(967),Insurance | Gurugram +126 other locations
Adani Enterprises,3.7,(966),Metals & Mining | Ahmedabad +78 other locations
Gannon Dunkerley & Co.,3.3,(964),Engineering & Construction | Kolkata +81 other locations
Signify,3.4,(963),Consumer Electronics & Appliances | Bengaluru +85 other locations
Jaro Education,3.2,(962),Education & Training | Mumbai +24 other locations
Cohance Lifesciences,3.8,(962),Pharma | Hyderabad +25 other locations
LanceSoft,3.2,(961),Recruitment | Hyderabad +31 other locations
Navayuga Engineering Company,3.9,(960),Engineering & Construction | Hyderabad +74 other locations
Amphenol Interconnect,4.2,(960),Electrical Equipment | Pune +19 other locations
SFO Technologies,3.4,(959),Electronics Manufacturing | Bengaluru +16 other locations
ICCS,3.0,(958),BPO | Noida +32 other locations
Nasser S. Al Hajri Corporation,3.6,(958),Engineering & Construction | Chennai +55 other locations
Velocis Systems,3.8,(957),IT Services & Consulting | New Delhi +54 other locations
Timken,3.9,(956),Industrial Machinery | Jamshedpur +44 other locations
Knight Frank,4.0,(956),Real Estate | Mumbai +52 other locations
KMV Projects Limited,4.3,(955),Engineering & Construction | Hyderabad +71 other locations
Mando Automotive,4.0,(955),Auto Components | Chennai +21 other locations
Aristo Pharmaceuticals,3.9,(953),Pharma | Mumbai +111 other locations
Episource,3.9,(952),IT Services & Consulting | Chennai +19 other locations
Petrofac,4.3,(950),Oil & Gas | Chennai +43 other locations
FastInfo,4.2,(949),Internet | Kolkata +8 other locations
Jubilant Pharmova,3.7,(949),Pharma | Noida +61 other locations
Reliance Power,4.1,(948),Power | Singrauli +43 other locations
FLSmidth,3.6,(948),Industrial Machinery | Chennai +25 other locations
Tikona Infinet,3.4,(947),Telecom | Mumbai +45 other locations
Volvo,4.0,(947),Automobile | Bengaluru +40 other locations
Regulated Council of Immigration Consultants,4.9,(947),Other | Dubai +5 other locations
Bhanzu,3.7,(947),EdTech | Bengaluru +14 other locations
Godfrey Phillips India,4.0,(947),FMCG | New Delhi +125 other locations
Hathway,3.4,(946),Telecom | Mumbai +58 other locations
Sandhar Technologies,3.7,(946),Auto Components | Gurugram +32 other locations
"Commonwealth Bank of Australia, India",2.7,(944),Financial Services | Bengaluru +14 other locations
CIEL HR,3.9,(942),Recruitment | Bengaluru +112 other locations
Medha Servo Drives,4.2,(940),Electrical Equipment | Hyderabad +57 other locations
Medhaj Techno Concept,4.0,(940),Management Consulting | Lucknow +154 other locations
Bayer,4.1,(940),Pharma | Bengaluru +117 other locations
Target,4.0,(938),Retail | Bengaluru +18 other locations
Tafe Motors & Tractors,3.9,(938),Industrial Machinery | Bhopal +73 other locations
Apotex Research,3.7,(936),Pharma | Bengaluru +14 other locations
Naukri,4.1,(936),Internet | Noida +71 other locations
Steag Energy Services,4.3,(933),Power | Jharsuguda +65 other locations
Intellipaat Software Solutions,3.9,(933),EdTech | Bengaluru +17 other locations
Schlumberger,3.7,(933),Oil & Gas | Pune +36 other locations
Deepak Fertilisers and Petrochemicals,4.0,(930),Chemicals | Mumbai +58 other locations
Greenlam Industries,4.1,(930),Furniture & Furnishing | New Delhi +120 other locations
SKH Metals,4.0,(930),Auto Components | Gurugram +26 other locations
OCS Group,4.1,(930),Facility Management Services | Mumbai +57 other locations
GE Healthcare,3.9,(929),Medical Equipment | Bengaluru +36 other locations
Re Sustainability Limited,3.8,(928),Waste Management | Hyderabad +85 other locations
Sundaram Clayton,3.9,(928),Auto Components | Chennai +31 other locations
Nirma,4.2,(927),FMCG | Bhavnagar +67 other locations
Test Yantra Software Solutions,3.0,(927),IT Services & Consulting | Bengaluru +19 other locations
Aviva Life Insurance India,3.4,(926),Insurance | Gurugram +123 other locations
Netscribes,2.7,(926),Analytics & KPO | Kolkata +16 other locations
M3M India,4.1,(926),Real Estate | Gurugram +13 other locations
HomeLane,3.3,(925),Architecture & Interior Design | Bengaluru +36 other locations
Simplilearn,3.8,(923),EdTech | Bengaluru +10 other locations
Aircel,4.4,(923),Telecom | New Delhi +113 other locations
